Timestamp,Vibration_Level,Vibration_Change,Motor_State
2025-03-18 00:38:40.660794,62.52230966500222,62.52230966500222,Stopped
2025-03-18 00:39:40.660794,6000.0,5937.4776903349975,Running
2025-03-18 00:40:40.660794,5849.325623369706,150.67437663029432,Running
2025-03-18 00:41:40.660794,5656.382466745387,192.94315662431836,Running
2025-03-18 00:42:40.660794,5647.610300595571,8.772166149816258,Running
2025-03-18 00:43:40.660794,5704.523465188433,56.913164592861904,Running
2025-03-18 00:44:40.660794,5611.097589494601,93.42587569383159,Running
2025-03-18 00:45:40.660794,5616.848363836776,5.750774342174736,Running
2025-03-18 00:46:40.660794,5565.821194347677,51.027169489098924,Running
2025-03-18 00:47:40.660794,5608.50945922316,42.68826487548267,Running
2025-03-18 00:48:40.660794,5526.718351667346,81.79110755581405,Running
2025-03-18 00:49:40.660794,5450.901888561337,75.816463106009,Running
2025-03-18 00:50:40.660794,5459.0775019662615,8.175613404924661,Running
2025-03-18 00:51:40.660794,5554.9324116700045,95.85490970374303,Running
2025-03-18 00:52:40.660794,5451.390775731424,103.54163593858084,Running
2025-03-18 00:53:40.660794,5439.046478341266,12.344297390157408,Running
2025-03-18 00:54:40.660794,5293.757067378114,145.28941096315248,Running
2025-03-18 00:55:40.660794,5336.173246496935,42.416179118820764,Running
2025-03-18 00:56:40.660794,5239.850437109574,96.3228093873604,Running
2025-03-18 00:57:40.660794,5259.893995236862,20.043558127287724,Running
2025-03-18 00:58:40.660794,5286.947101725101,27.053106488238882,Running
2025-03-18 00:59:40.660794,5248.376921878748,38.5701798463524,Running
2025-03-18 01:00:40.660794,5410.663757860731,162.28683598198222,Running
2025-03-18 01:01:40.660794,5353.9878308181105,56.67592704262006,Running
2025-03-18 01:02:40.660794,5283.485584458347,70.50224635976338,Running
2025-03-18 01:03:40.660794,5155.702523849021,127.78306060932573,Running
2025-03-18 01:04:40.660794,5184.8812337642785,29.17870991525706,Running
2025-03-18 01:05:40.660794,5355.646872779353,170.76563901507416,Running
2025-03-18 01:06:40.660794,5414.172397109325,58.52552432997254,Running
2025-03-18 01:07:40.660794,5352.65164785721,61.52074925211491,Running
2025-03-18 01:08:40.660794,5253.07745930775,99.5741885494599,Running
2025-03-18 01:09:40.660794,5304.865074045422,51.7876147376719,Running
2025-03-18 01:10:40.660794,5287.13201771857,17.73305632685242,Running
2025-03-18 01:11:40.660794,5193.709686167595,93.42233155097529,Running
2025-03-18 01:12:40.660794,5179.325062191741,14.384623975853174,Running
2025-03-18 01:13:40.660794,5135.8976450109085,43.42741718083289,Running
2025-03-18 01:14:40.660794,5134.152466712076,1.7451782988327977,Running
2025-03-18 01:15:40.660794,5108.867036329919,25.285430382156846,Running
2025-03-18 01:16:40.660794,4973.09338363732,135.77365269259917,Running
2025-03-18 01:17:40.660794,5000.341903522454,27.248519885134556,Running
2025-03-18 01:18:40.660794,6000.0,999.6580964775458,Running
2025-03-18 01:19:40.660794,6024.86977564604,24.86977564603967,Running
2025-03-18 01:20:40.660794,5916.132937226723,108.73683841931688,Running
2025-03-18 01:21:40.660794,6005.5142573480225,89.38132012129972,Running
2025-03-18 01:22:40.660794,5966.465741986418,39.048515361604586,Running
2025-03-18 01:23:40.660794,5979.987578118358,13.52183613194029,Running
2025-03-18 01:24:40.660794,6006.546381651523,26.55880353316479,Running
2025-03-18 01:25:40.660794,5863.547352857377,142.9990287941464,Running
2025-03-18 01:26:40.660794,5902.436026361366,38.888673503989594,Running
2025-03-18 01:27:40.660794,5915.450328233043,13.014301871677162,Running
2025-03-18 01:28:40.660794,6059.9173661852365,144.4670379521931,Running
2025-03-18 01:29:40.660794,2000.0,4059.9173661852365,Running
2025-03-18 01:30:40.660794,1784.1484654968447,215.85153450315534,Running
2025-03-18 01:31:40.660794,1743.3496496922198,40.79881580462484,Running
2025-03-18 01:32:40.660794,1760.4848582508398,17.13520855861998,Running
2025-03-18 01:33:40.660794,1569.5634999251606,190.9213583256792,Running
2025-03-18 01:34:40.660794,1729.3389377429223,159.7754378177617,Running
2025-03-18 01:35:40.660794,1834.8577861595177,105.51884841659535,Running
2025-03-18 01:36:40.660794,1837.7875713913809,2.9297852318632067,Running
2025-03-18 01:37:40.660794,1899.9206881579057,62.133116766524836,Running
2025-03-18 01:38:40.660794,2026.6791181406004,126.75842998269468,Running
2025-03-18 01:39:40.660794,1856.894829537433,169.7842886031674,Running
2025-03-18 01:40:40.660794,1855.0752731172113,1.8195564202217156,Running
2025-03-18 01:41:40.660794,1844.9522761948515,10.122996922359789,Running
2025-03-18 01:42:40.660794,1794.4189572408786,50.533318953972866,Running
2025-03-18 01:43:40.660794,1953.3994033493402,158.9804461084616,Running
2025-03-18 01:44:40.660794,1965.2048470110697,11.805443661729441,Running
2025-03-18 01:45:40.660794,1977.0266164938498,11.821769482780155,Running
2025-03-18 01:46:40.660794,2094.665005209993,117.63838871614325,Running
2025-03-18 01:47:40.660794,2086.0026074457755,8.66239776421753,Running
2025-03-18 01:48:40.660794,2186.742337314146,100.73972986837043,Running
2025-03-18 01:49:40.660794,2116.7602541583683,69.98208315577767,Running
2025-03-18 01:50:40.660794,2000.0,116.7602541583683,Running
2025-03-18 01:51:40.660794,1857.0762320744843,142.92376792551568,Running
2025-03-18 01:52:40.660794,1896.9410772462204,39.86484517173608,Running
2025-03-18 01:53:40.660794,1844.1365671829576,52.804510063262796,Running
2025-03-18 01:54:40.660794,1879.5921604449866,35.45559326202897,Running
2025-03-18 01:55:40.660794,1942.4127519759547,62.82059153096816,Running
2025-03-18 01:56:40.660794,2007.5089594068763,65.0962074309216,Running
2025-03-18 01:57:40.660794,2000.0,7.508959406876329,Running
2025-03-18 01:58:40.660794,1856.2419655234958,143.75803447650424,Running
2025-03-18 01:59:40.660794,1962.8703142723673,106.62834874887153,Running
2025-03-18 02:00:40.660794,1885.5414135288065,77.32890074356078,Running
2025-03-18 02:01:40.660794,1839.89945701318,45.64195651562659,Running
2025-03-18 02:02:40.660794,1867.4589476728268,27.559490659646826,Running
2025-03-18 02:03:40.660794,1801.937768944679,65.52117872814779,Running
2025-03-18 02:04:40.660794,1746.0946019513447,55.84316699333431,Running
2025-03-18 02:05:40.660794,1524.357124566538,221.73747738480665,Running
2025-03-18 02:06:40.660794,1371.317744339626,153.03938022691204,Running
2025-03-18 02:07:40.660794,0.0,1371.317744339626,Stopped
2025-03-18 02:08:40.660794,177.82611629719932,177.82611629719932,Running
2025-03-18 02:09:40.660794,145.74171184256772,32.084404454631596,Running
2025-03-18 02:10:40.660794,-33.92176305975556,179.6634749023233,Stopped
2025-03-18 02:11:40.660794,204.07660871438296,237.99837177413852,Running
2025-03-18 02:12:40.660794,192.72565375473627,11.350954959646685,Running
2025-03-18 02:13:40.660794,331.899443018025,139.17378926328874,Running
2025-03-18 02:14:40.660794,454.2023928163304,122.3029497983054,Running
2025-03-18 02:15:40.660794,2000.0,1545.7976071836697,Running
2025-03-18 02:16:40.660794,2081.0954270912157,81.0954270912157,Running
2025-03-18 02:17:40.660794,2106.2412075341213,25.14578044290556,Running
2025-03-18 02:18:40.660794,2023.128879112639,83.11232842148229,Running
2025-03-18 02:19:40.660794,1887.5731757771184,135.55570333552055,Running
2025-03-18 02:20:40.660794,2212.7682237528743,325.19504797575587,Running
2025-03-18 02:21:40.660794,2265.7739969513977,53.00577319852346,Running
2025-03-18 02:22:40.660794,2156.589155302294,109.18484164910387,Running
2025-03-18 02:23:40.660794,2176.6433869618445,20.054231659550624,Running
2025-03-18 02:24:40.660794,2034.1244876317405,142.51889933010398,Running
2025-03-18 02:25:40.660794,0.0,2034.1244876317405,Stopped
2025-03-18 02:26:40.660794,-65.833213826236,65.833213826236,Stopped
2025-03-18 02:27:40.660794,-98.8247588506305,32.9915450243945,Stopped
2025-03-18 02:28:40.660794,-354.31119575978676,255.48643690915625,Stopped
2025-03-18 02:29:40.660794,-341.9623971151633,12.348798644623457,Stopped
2025-03-18 02:30:40.660794,-334.23522788448525,7.727169230678044,Stopped
2025-03-18 02:31:40.660794,-408.465708996147,74.23048111166173,Stopped
2025-03-18 02:32:40.660794,-550.100452515024,141.63474351887703,Stopped
2025-03-18 02:33:40.660794,-570.4105759957545,20.310123480730454,Stopped
2025-03-18 02:34:40.660794,-660.7647911594472,90.35421516369274,Stopped
2025-03-18 02:35:40.660794,-741.5615799957891,80.79678883634188,Stopped
2025-03-18 02:36:40.660794,-824.6866314174808,83.12505142169175,Stopped
2025-03-18 02:37:40.660794,-699.2341616731975,125.45246974428335,Stopped
2025-03-18 02:38:40.660794,-617.8235570703733,81.41060460282415,Stopped
2025-03-18 02:39:40.660794,-737.8849133680947,120.06135629772132,Stopped
2025-03-18 02:40:40.660794,-643.5075652022119,94.37734816588272,Stopped
2025-03-18 02:41:40.660794,-696.3518309739931,52.844265771781124,Stopped
2025-03-18 02:42:40.660794,0.0,696.3518309739931,Stopped
2025-03-18 02:43:40.660794,-134.92150336205947,134.92150336205947,Stopped
2025-03-18 02:44:40.660794,-170.28086087826728,35.35935751620781,Stopped
2025-03-18 02:45:40.660794,-194.7240162638756,24.44315538560832,Stopped
2025-03-18 02:46:40.660794,-240.37702525734036,45.653008993464766,Stopped
2025-03-18 02:47:40.660794,-245.102556417154,4.725531159813642,Stopped
2025-03-18 02:48:40.660794,-291.78307836898614,46.680521951832134,Stopped
2025-03-18 02:49:40.660794,-345.71138805013305,53.928309681146914,Stopped
2025-03-18 02:50:40.660794,-414.3794371620984,68.66804911196533,Stopped
2025-03-18 02:51:40.660794,-539.9793433419795,125.59990617988115,Stopped
2025-03-18 02:52:40.660794,0.0,539.9793433419795,Stopped
2025-03-18 02:53:40.660794,-35.1220003072644,35.1220003072644,Stopped
2025-03-18 02:54:40.660794,6000.0,6035.122000307264,Running
2025-03-18 02:55:40.660794,6049.436713015244,49.436713015244095,Running
2025-03-18 02:56:40.660794,6209.897698625373,160.46098561012877,Running
2025-03-18 02:57:40.660794,6226.440459944595,16.542761319222336,Running
2025-03-18 02:58:40.660794,6197.184917070967,29.255542873628656,Running
2025-03-18 02:59:40.660794,6418.932695009574,221.74777793860721,Running
2025-03-18 03:00:40.660794,6211.008649681629,207.92404532794444,Running
2025-03-18 03:01:40.660794,6116.2699354900205,94.73871419160878,Running
2025-03-18 03:02:40.660794,6125.172123651008,8.902188160987862,Running
2025-03-18 03:03:40.660794,6072.496561939638,52.67556171137039,Running
2025-03-18 03:04:40.660794,5979.441873412279,93.05468852735885,Running
2025-03-18 03:05:40.660794,5872.869987623904,106.57188578837486,Running
2025-03-18 03:06:40.660794,5917.659419884776,44.78943226087176,Running
2025-03-18 03:07:40.660794,0.0,5917.659419884776,Stopped
2025-03-18 03:08:40.660794,-28.640700494674824,28.640700494674824,Stopped
2025-03-18 03:09:40.660794,0.0,28.640700494674824,Stopped
2025-03-18 03:10:40.660794,-14.38878435531229,14.38878435531229,Stopped
2025-03-18 03:11:40.660794,-193.63061649744054,179.24183214212826,Stopped
2025-03-18 03:12:40.660794,-105.79355795158646,87.83705854585408,Stopped
2025-03-18 03:13:40.660794,-34.19133405482617,71.6022238967603,Stopped
2025-03-18 03:14:40.660794,-64.2130219231077,30.021687868281532,Stopped
2025-03-18 03:15:40.660794,-34.38225690806577,29.830765015041933,Stopped
2025-03-18 03:16:40.660794,9.356260652627086,43.738517560692856,Stopped
2025-03-18 03:17:40.660794,-42.27116429820314,51.627424950830225,Stopped
2025-03-18 03:18:40.660794,-105.00258618558539,62.73142188738225,Stopped
2025-03-18 03:19:40.660794,-79.05984184781725,25.942744337768133,Stopped
2025-03-18 03:20:40.660794,-172.3716998927399,93.31185804492266,Stopped
2025-03-18 03:21:40.660794,-144.9832281115262,27.388471781213724,Stopped
2025-03-18 03:22:40.660794,-136.42144806101803,8.561780050508162,Stopped
2025-03-18 03:23:40.660794,-143.00852764711962,6.587079586101595,Stopped
2025-03-18 03:24:40.660794,-277.9255870553132,134.91705940819358,Stopped
2025-03-18 03:25:40.660794,-320.2597456730493,42.33415861773608,Stopped
2025-03-18 03:26:40.660794,-288.5896387713957,31.670106901653583,Stopped
2025-03-18 03:27:40.660794,-157.33722189422375,131.25241687717195,Stopped
2025-03-18 03:28:40.660794,-65.72772054110592,91.60950135311782,Stopped
2025-03-18 03:29:40.660794,-125.85636748318387,60.12864694207795,Stopped
2025-03-18 03:30:40.660794,-66.0041357073613,59.852231775822574,Stopped
2025-03-18 03:31:40.660794,-152.8471708911782,86.8430351838169,Stopped
2025-03-18 03:32:40.660794,-172.41013091722004,19.56296002604185,Stopped
2025-03-18 03:33:40.660794,-171.3488717220376,1.0612591951824584,Stopped
2025-03-18 03:34:40.660794,69.68731210002872,241.0361838220663,Stopped
2025-03-18 03:35:40.660794,191.45039841157427,121.76308631154555,Running
2025-03-18 03:36:40.660794,264.08805551196076,72.63765710038649,Running
2025-03-18 03:37:40.660794,237.9173897724005,26.170665739560263,Running
2025-03-18 03:38:40.660794,0.0,237.9173897724005,Stopped
2025-03-18 03:39:40.660794,27.549937430396287,27.549937430396287,Stopped
2025-03-18 03:40:40.660794,41.252959129221175,13.703021698824887,Stopped
2025-03-18 03:41:40.660794,156.151972385957,114.89901325673583,Running
2025-03-18 03:42:40.660794,63.980633737582124,92.17133864837488,Stopped
2025-03-18 03:43:40.660794,136.01715456110526,72.03652082352313,Running
2025-03-18 03:44:40.660794,-50.19729774786376,186.21445230896902,Stopped
2025-03-18 03:45:40.660794,-135.75449309931395,85.55719535145019,Stopped
2025-03-18 03:46:40.660794,-205.89228940861574,70.13779630930179,Stopped
2025-03-18 03:47:40.660794,-64.39808641408175,141.494202994534,Stopped
2025-03-18 03:48:40.660794,54.89926080636086,119.2973472204426,Stopped
2025-03-18 03:49:40.660794,68.22122906802575,13.321968261664892,Stopped
2025-03-18 03:50:40.660794,266.9429352525368,198.72170618451105,Running
2025-03-18 03:51:40.660794,310.8018766673168,43.85894141477996,Running
2025-03-18 03:52:40.660794,281.36726263906496,29.434614028251815,Running
2025-03-18 03:53:40.660794,220.06989139621396,61.297371242851,Running
2025-03-18 03:54:40.660794,318.7904916451897,98.72060024897576,Running
2025-03-18 03:55:40.660794,2000.0,1681.2095083548102,Running
2025-03-18 03:56:40.660794,1871.7063309301482,128.29366906985183,Running
2025-03-18 03:57:40.660794,1813.2283471525839,58.477983777564305,Running
2025-03-18 03:58:40.660794,1834.0822926800113,20.853945527427413,Running
2025-03-18 03:59:40.660794,1626.8657831916487,207.2165094883626,Running
2025-03-18 04:00:40.660794,1634.1209094216824,7.2551262300337385,Running
2025-03-18 04:01:40.660794,1465.9047356919616,168.21617372972082,Running
2025-03-18 04:02:40.660794,1362.295294474831,103.60944121713055,Running
2025-03-18 04:03:40.660794,1558.4573531437122,196.16205866888117,Running
2025-03-18 04:04:40.660794,1551.5772780822222,6.880075061490061,Running
2025-03-18 04:05:40.660794,1460.6150367269663,90.96224135525586,Running
2025-03-18 04:06:40.660794,1497.0169650324997,36.401928305533374,Running
2025-03-18 04:07:40.660794,1514.0812657700567,17.064300737557005,Running
2025-03-18 04:08:40.660794,1485.0132644451933,29.068001324863417,Running
2025-03-18 04:09:40.660794,1596.5479968348473,111.53473238965398,Running
2025-03-18 04:10:40.661869,1642.3833633913325,45.83536655648527,Running
2025-03-18 04:11:40.661869,1627.8971509230716,14.486212468260874,Running
2025-03-18 04:12:40.661869,1611.810488575047,16.086662348024674,Running
2025-03-18 04:13:40.661869,1708.7499154220745,96.93942684702756,Running
2025-03-18 04:14:40.661869,1751.4891935577855,42.73927813571095,Running
2025-03-18 04:15:40.661869,1908.1143308245576,156.62513726677207,Running
2025-03-18 04:16:40.661869,1988.6575270766218,80.54319625206426,Running
2025-03-18 04:17:40.661869,2045.460032742798,56.8025056661761,Running
2025-03-18 04:18:40.661869,2051.589395105983,6.12936236318501,Running
2025-03-18 04:19:40.661869,2038.7543593336825,12.835035772300444,Running
2025-03-18 04:20:40.661869,1933.328960024305,105.42539930937755,Running
2025-03-18 04:21:40.661869,1971.783166027174,38.454206002869114,Running
2025-03-18 04:22:40.661869,1937.0625072144283,34.720658812745796,Running
2025-03-18 04:23:40.661869,6000.0,4062.9374927855715,Running
2025-03-18 04:24:40.661869,6000.0,0.0,Running
2025-03-18 04:25:40.661869,6093.243356799858,93.24335679985779,Running
2025-03-18 04:26:40.661869,5958.285508591961,134.95784820789686,Running
2025-03-18 04:27:40.661869,6021.1274616747005,62.841953082739565,Running
2025-03-18 04:28:40.661869,5966.799759826316,54.327701848384095,Running
2025-03-18 04:29:40.661869,5985.2133796089765,18.413619782660135,Running
2025-03-18 04:30:40.661869,5995.303827453469,10.0904478444927,Running
2025-03-18 04:31:40.661869,2000.0,3995.3038274534692,Running
2025-03-18 04:32:40.661869,1918.2972130696464,81.70278693035357,Running
2025-03-18 04:33:40.661869,1796.3522730919744,121.94493997767199,Running
2025-03-18 04:34:40.661869,1591.2184098764621,205.1338632155123,Running
2025-03-18 04:35:40.661869,1600.8324436430519,9.614033766589728,Running
2025-03-18 04:36:40.661869,1690.8358455195253,90.00340187647339,Running
2025-03-18 04:37:40.661869,1588.5303577661311,102.30548775339412,Running
2025-03-18 04:38:40.661869,1617.3014087983333,28.771051032202195,Running
2025-03-18 04:39:40.661869,1758.6359530029783,141.334544204645,Running
2025-03-18 04:40:40.661869,1589.9263264033025,168.70962659967586,Running
2025-03-18 04:41:40.661869,1614.755489624207,24.829163220904547,Running
2025-03-18 04:42:40.661869,1653.1137620187792,38.35827239457217,Running
2025-03-18 04:43:40.661869,1655.9897488873567,2.8759868685774563,Running
2025-03-18 04:44:40.661869,1595.130647894395,60.85910099296166,Running
2025-03-18 04:45:40.661869,1615.154961238655,20.02431334426001,Running
2025-03-18 04:46:40.661869,1744.0104502319539,128.85548899329888,Running
2025-03-18 04:47:40.661869,1805.0470067710626,61.03655653910869,Running
2025-03-18 04:48:40.661869,1925.2042615266978,120.15725475563522,Running
2025-03-18 04:49:40.661869,1723.5997104553098,201.60455107138796,Running
2025-03-18 04:50:40.661869,1742.1481429366456,18.548432481335794,Running
2025-03-18 04:51:40.661869,1746.6022946424064,4.454151705760751,Running
2025-03-18 04:52:40.661869,1850.6842094730277,104.08191483062137,Running
2025-03-18 04:53:40.661869,1757.2797777656524,93.40443170737535,Running
2025-03-18 04:54:40.661869,1607.3060931968162,149.97368456883623,Running
2025-03-18 04:55:40.661869,1616.8398222951591,9.533729098342974,Running
2025-03-18 04:56:40.661869,1497.3564896777907,119.48333261736843,Running
2025-03-18 04:57:40.661869,1633.6587024937417,136.30221281595095,Running
2025-03-18 04:58:40.661869,1603.3804448485423,30.278257645199346,Running
2025-03-18 04:59:40.661869,1491.044612843574,112.33583200496832,Running
2025-03-18 05:00:40.661869,1529.9942180453963,38.94960520182235,Running
2025-03-18 05:01:40.661869,1567.7087287708428,37.71451072544642,Running
2025-03-18 05:02:40.661869,1449.987867781281,117.72086098956174,Running
2025-03-18 05:03:40.661869,1481.7591180719228,31.771250290641774,Running
2025-03-18 05:04:40.661869,1638.5948104833794,156.83569241145665,Running
2025-03-18 05:05:40.661869,1673.4778313642203,34.88302088084083,Running
2025-03-18 05:06:40.661869,1574.063599327523,99.41423203669729,Running
2025-03-18 05:07:40.661869,1517.2993094690905,56.76428985843245,Running
2025-03-18 05:08:40.661869,1521.96658601714,4.667276548049358,Running
2025-03-18 05:09:40.661869,1477.2366129464222,44.72997307071773,Running
2025-03-18 05:10:40.661869,1333.4529599984744,143.78365294794776,Running
2025-03-18 05:11:40.661869,1468.1228385443665,134.66987854589206,Running
2025-03-18 05:12:40.661869,1584.1878810723595,116.065042527993,Running
2025-03-18 05:13:40.661869,1563.6262413166457,20.561639755713713,Running
2025-03-18 05:14:40.661869,1523.4861452636378,40.14009605300794,Running
2025-03-18 05:15:40.661869,1327.57145351927,195.9146917443677,Running
2025-03-18 05:16:40.661869,1342.8097118181001,15.238258298830033,Running
2025-03-18 05:17:40.661869,1358.1360154951549,15.326303677054739,Running
2025-03-18 05:18:40.661869,1241.8304827506804,116.30553274447448,Running
2025-03-18 05:19:40.661869,884.9212621646063,356.90922058607407,Running
2025-03-18 05:20:40.661869,834.2514546285119,50.66980753609448,Running
2025-03-18 05:21:40.661869,899.3867021694996,65.13524754098773,Running
2025-03-18 05:22:40.661869,936.7129407833193,37.32623861381967,Running
2025-03-18 05:23:40.661869,815.7627628629701,120.95017792034912,Running
2025-03-18 05:24:40.661869,781.0013907965001,34.76137206647002,Running
2025-03-18 05:25:40.661869,696.5460205044099,84.45537029209027,Running
2025-03-18 05:26:40.661869,649.0177990513872,47.52822145302264,Running
2025-03-18 05:27:40.661869,523.05968110987,125.95811794151723,Running
2025-03-18 05:28:40.661869,531.397380021531,8.33769891166105,Running
2025-03-18 05:29:40.661869,584.0490077334755,52.65162771194446,Running
2025-03-18 05:30:40.661869,439.9390899039188,144.1099178295567,Running
2025-03-18 05:31:40.661869,386.24818747319443,53.69090243072435,Running
2025-03-18 05:32:40.661869,330.8274562666422,55.42073120655226,Running
2025-03-18 05:33:40.661869,170.74486145694527,160.0825948096969,Running
2025-03-18 05:34:40.661869,240.33676771431539,69.59190625737011,Running
2025-03-18 05:35:40.661869,2000.0,1759.6632322856847,Running
2025-03-18 05:36:40.661869,2086.1441983704344,86.14419837043442,Running
2025-03-18 05:37:40.661869,1970.0173642294321,116.12683414100229,Running
2025-03-18 05:38:40.661869,1959.439663242206,10.57770098722608,Running
2025-03-18 05:39:40.661869,2027.3445381661897,67.9048749239837,Running
2025-03-18 05:40:40.661869,2104.6720507081745,77.32751254198479,Running
2025-03-18 05:41:40.661869,2204.582135762423,99.91008505424861,Running
2025-03-18 05:42:40.661869,2328.1986159948156,123.6164802323924,Running
2025-03-18 05:43:40.661869,2399.5430035508166,71.34438755600104,Running
2025-03-18 05:44:40.661869,2529.076983022566,129.53397947174926,Running
2025-03-18 05:45:40.661869,2426.4252747573996,102.65170826516623,Running
2025-03-18 05:46:40.661869,6000.0,3573.5747252426004,Running
2025-03-18 05:47:40.661869,5998.790091304201,1.209908695798731,Running
2025-03-18 05:48:40.661869,5989.691710741951,9.098380562249986,Running
2025-03-18 05:49:40.661869,5956.667942125346,33.023768616605594,Running
2025-03-18 05:50:40.661869,6010.780009175234,54.11206704988854,Running
2025-03-18 05:51:40.661869,6033.114068209486,22.334059034251368,Running
2025-03-18 05:52:40.661869,5884.025001963595,149.08906624589054,Running
2025-03-18 05:53:40.661869,0.0,5884.025001963595,Stopped
2025-03-18 05:54:40.661869,6000.0,6000.0,Running
2025-03-18 05:55:40.661869,6000.697671476904,0.697671476904361,Running
2025-03-18 05:56:40.661869,6120.771442339949,120.07377086304496,Running
2025-03-18 05:57:40.661869,6189.334736278472,68.56329393852229,Running
2025-03-18 05:58:40.661869,6036.552326123127,152.78241015534422,Running
2025-03-18 05:59:40.661869,5889.588873594469,146.9634525286583,Running
2025-03-18 06:00:40.661869,5878.3586870113595,11.230186583109571,Running
2025-03-18 06:01:40.661869,5896.030628516335,17.67194150497562,Running
2025-03-18 06:02:40.661869,5822.6704015995,73.36022691683502,Running
2025-03-18 06:03:40.661869,5774.429010623998,48.24139097550233,Running
2025-03-18 06:04:40.661869,0.0,5774.429010623998,Stopped
2025-03-18 06:05:40.661869,-63.70470692581475,63.70470692581475,Stopped
2025-03-18 06:06:40.661869,-166.83978803824576,103.13508111243101,Stopped
2025-03-18 06:07:40.661869,0.0,166.83978803824576,Stopped
2025-03-18 06:08:40.661869,-18.678114711813375,18.678114711813375,Stopped
2025-03-18 06:09:40.661869,-44.803479146038455,26.12536443422508,Stopped
2025-03-18 06:10:40.661869,-80.87435670895455,36.070877562916095,Stopped
2025-03-18 06:11:40.661869,-248.21940038014748,167.3450436711929,Stopped
2025-03-18 06:12:40.661869,-342.6002268164935,94.38082643634601,Stopped
2025-03-18 06:13:40.661869,-410.4383559718111,67.83812915531763,Stopped
2025-03-18 06:14:40.661869,-409.86668067458584,0.5716752972252834,Stopped
2025-03-18 06:15:40.661869,-364.5710996489312,45.295581025654656,Stopped
2025-03-18 06:16:40.661869,-208.85938885627502,155.71171079265616,Stopped
2025-03-18 06:17:40.661869,-379.0799193744457,170.22053051817068,Stopped
2025-03-18 06:18:40.661869,-406.9951238103641,27.915204435918383,Stopped
2025-03-18 06:19:40.661869,-303.62183874863047,103.37328506173361,Stopped
2025-03-18 06:20:40.661869,-304.65784616597887,1.0360074173484008,Stopped
2025-03-18 06:21:40.661869,-373.8511647277252,69.19331856174631,Stopped
2025-03-18 06:22:40.661869,-295.0156502368754,78.83551449084979,Stopped
2025-03-18 06:23:40.661869,-380.9501659184068,85.93451568153142,Stopped
2025-03-18 06:24:40.661869,-366.1541292880692,14.796036630337596,Stopped
2025-03-18 06:25:40.661869,-493.54083039017684,127.38670110210762,Stopped
2025-03-18 06:26:40.661869,-556.708947513851,63.16811712367411,Stopped
2025-03-18 06:27:40.661869,-611.0202643160237,54.31131680217277,Stopped
2025-03-18 06:28:40.661869,-494.91410900732365,116.10615530870007,Stopped
2025-03-18 06:29:40.661869,-560.176411544357,65.2623025370334,Stopped
2025-03-18 06:30:40.661869,-647.9048490739473,87.72843752959022,Stopped
2025-03-18 06:31:40.661869,-571.8314809267317,76.07336814721555,Stopped
2025-03-18 06:32:40.661869,-550.5809692486546,21.250511678077146,Stopped
2025-03-18 06:33:40.661869,-558.994535114867,8.413565866212366,Stopped
2025-03-18 06:34:40.661869,-484.65848835323044,74.33604676163651,Stopped
2025-03-18 06:35:40.661869,-479.6467686722091,5.011719681021361,Stopped
2025-03-18 06:36:40.661869,-455.21335073878936,24.43341793341972,Stopped
2025-03-18 06:37:40.661869,-585.8985518947716,130.6852011559822,Stopped
2025-03-18 06:38:40.661869,-580.6050393495705,5.293512545201111,Stopped
2025-03-18 06:39:40.661869,-609.2484931513179,28.643453801747455,Stopped
2025-03-18 06:40:40.661869,6000.0,6609.248493151318,Running
2025-03-18 06:41:40.661869,6002.036559874157,2.0365598741573194,Running
2025-03-18 06:42:40.661869,5955.909711272751,46.12684860140598,Running
2025-03-18 06:43:40.661869,5973.164818806178,17.25510753342678,Running
2025-03-18 06:44:40.661869,5906.226517902128,66.93830090405027,Running
2025-03-18 06:45:40.661869,5878.788528455597,27.43798944653099,Running
2025-03-18 06:46:40.661869,5976.531129721199,97.74260126560239,Running
2025-03-18 06:47:40.661869,5835.100718699055,141.43041102214465,Running
2025-03-18 06:48:40.661869,5739.7875202511,95.31319844795416,Running
2025-03-18 06:49:40.661869,5654.680088535575,85.10743171552531,Running
2025-03-18 06:50:40.661869,5757.6271052208795,102.94701668530433,Running
2025-03-18 06:51:40.661869,5808.5643098723895,50.93720465151,Running
2025-03-18 06:52:40.661869,5953.086068461494,144.52175858910414,Running
2025-03-18 06:53:40.661869,5902.949893540578,50.13617492091544,Running
2025-03-18 06:54:40.661869,5874.786309319574,28.163584221004385,Running
2025-03-18 06:55:40.661869,5956.546314416559,81.76000509698497,Running
2025-03-18 06:56:40.661869,5822.630254280835,133.91606013572346,Running
2025-03-18 06:57:40.661869,5843.926419845169,21.296165564333933,Running
2025-03-18 06:58:40.661869,5743.514861400303,100.41155844486639,Running
2025-03-18 06:59:40.661869,5762.28193279534,18.76707139503742,Running
2025-03-18 07:00:40.661869,5768.804115238361,6.522182443020938,Running
2025-03-18 07:01:40.661869,5791.859289610277,23.05517437191611,Running
2025-03-18 07:02:40.661869,5766.226846229881,25.63244338039658,Running
2025-03-18 07:03:40.661869,5710.119579627718,56.10726660216278,Running
2025-03-18 07:04:40.661869,5613.198106628989,96.92147299872886,Running
2025-03-18 07:05:40.661869,5647.985306253887,34.78719962489777,Running
2025-03-18 07:06:40.661869,5620.344355533956,27.640950719930515,Running
2025-03-18 07:07:40.661869,5667.584788676923,47.24043314296705,Running
2025-03-18 07:08:40.661869,5612.360972186574,55.223816490349236,Running
2025-03-18 07:09:40.661869,5619.695014554493,7.33404236791921,Running
2025-03-18 07:10:40.661869,5804.954581218294,185.2595666638008,Running
2025-03-18 07:11:40.661869,0.0,5804.954581218294,Stopped
2025-03-18 07:12:40.661869,47.320747011567846,47.320747011567846,Stopped
2025-03-18 07:13:40.661869,140.90542231842056,93.58467530685272,Running
2025-03-18 07:14:40.661869,36.11927001293681,104.78615230548375,Stopped
2025-03-18 07:15:40.661869,-2.9697071670250352,39.088977179961844,Stopped
2025-03-18 07:16:40.661869,2000.0,2002.969707167025,Running
2025-03-18 07:17:40.661869,2026.6111835115444,26.61118351154437,Running
2025-03-18 07:18:40.661869,2004.0208227869657,22.59036072457866,Running
2025-03-18 07:19:40.661869,2000.431025833804,3.5897969531617946,Running
2025-03-18 07:20:40.661869,2024.969725827861,24.538699994057197,Running
2025-03-18 07:21:40.661869,1881.5934043029956,143.3763215248655,Running
2025-03-18 07:22:40.661869,1790.4615824586604,91.13182184433526,Running
2025-03-18 07:23:40.661869,1964.2212564828392,173.75967402417882,Running
2025-03-18 07:24:40.661869,1990.9804925472567,26.759236064417564,Running
2025-03-18 07:25:40.661869,1941.4920790748595,49.48841347239727,Running
2025-03-18 07:26:40.661869,1917.8908769266764,23.60120214818312,Running
2025-03-18 07:27:40.661869,1728.2346232253187,189.65625370135763,Running
2025-03-18 07:28:40.661869,1600.7364944061578,127.49812881916091,Running
2025-03-18 07:29:40.661869,1694.5047593169709,93.76826491081306,Running
2025-03-18 07:30:40.661869,0.0,1694.5047593169709,Stopped
2025-03-18 07:31:40.661869,-60.394731634128505,60.394731634128505,Stopped
2025-03-18 07:32:40.661869,-16.688838773101395,43.70589286102711,Stopped
2025-03-18 07:33:40.661869,78.87090526806487,95.55974404116627,Stopped
2025-03-18 07:34:40.661869,64.68817245194676,14.182732816118119,Stopped
2025-03-18 07:35:40.661869,133.1465714876885,68.45839903574175,Running
2025-03-18 07:36:40.661869,217.1033500394896,83.95677855180111,Running
2025-03-18 07:37:40.661869,361.36078465489294,144.25743461540333,Running
2025-03-18 07:38:40.661869,345.6634933475276,15.697291307365333,Running
2025-03-18 07:39:40.661869,381.6350815952524,35.97158824772481,Running
2025-03-18 07:40:40.661869,572.2403021008191,190.6052205055667,Running
2025-03-18 07:41:40.661869,523.7782617964995,48.46204030431966,Running
2025-03-18 07:42:40.661869,741.978529828634,218.20026803213455,Running
2025-03-18 07:43:40.661869,818.4449976039627,76.46646777532874,Running
2025-03-18 07:44:40.661869,692.0318241951016,126.4131734088611,Running
2025-03-18 07:45:40.661869,520.2362792619932,171.79554493310843,Running
2025-03-18 07:46:40.661869,594.9285585263747,74.69227926438145,Running
2025-03-18 07:47:40.661869,659.0733142676831,64.14475574130847,Running
2025-03-18 07:48:40.661869,804.910459861729,145.83714559404586,Running
2025-03-18 07:49:40.661869,6000.0,5195.089540138271,Running
2025-03-18 07:50:40.661869,5958.255554756052,41.744445243947666,Running
2025-03-18 07:51:40.661869,5923.63953302372,34.61602173233223,Running
2025-03-18 07:52:40.661869,5750.688489281185,172.95104374253515,Running
2025-03-18 07:53:40.661869,5872.799956455433,122.11146717424799,Running
2025-03-18 07:54:40.661869,5984.209132514869,111.4091760594365,Running
2025-03-18 07:55:40.661869,5783.963824583996,200.24530793087342,Running
2025-03-18 07:56:40.661869,0.0,5783.963824583996,Stopped
2025-03-18 07:57:40.661869,47.48103222602062,47.48103222602062,Stopped
2025-03-18 07:58:40.661869,-16.10569694862393,63.58672917464455,Stopped
2025-03-18 07:59:40.661869,-51.88145411390426,35.77575716528033,Stopped
2025-03-18 08:00:40.661869,-173.96979174135132,122.08833762744706,Stopped
2025-03-18 08:01:40.661869,6000.0,6173.969791741351,Running
2025-03-18 08:02:40.661869,6045.603807702144,45.60380770214397,Running
2025-03-18 08:03:40.661869,6060.279732741719,14.675925039575304,Running
2025-03-18 08:04:40.661869,6019.248306805616,41.031425936103005,Running
2025-03-18 08:05:40.661869,5929.483290238801,89.76501656681558,Running
2025-03-18 08:06:40.661869,5953.151804475833,23.66851423703247,Running
2025-03-18 08:07:40.661869,5842.141508469097,111.0102960067361,Running
2025-03-18 08:08:40.661869,2000.0,3842.141508469097,Running
2025-03-18 08:09:40.661869,2069.5042514354554,69.50425143545544,Running
2025-03-18 08:10:40.661869,2000.0,69.50425143545544,Running
2025-03-18 08:11:40.661869,2043.162250001054,43.16225000105396,Running
2025-03-18 08:12:40.661869,2068.5309685734696,25.368718572415673,Running
2025-03-18 08:13:40.661869,2144.7248802505624,76.19391167709273,Running
2025-03-18 08:14:40.661869,2226.5798656177335,81.85498536717114,Running
2025-03-18 08:15:40.661869,2267.7917955518537,41.211929934120235,Running
2025-03-18 08:16:40.661869,2199.7289727362568,68.06282281559697,Running
2025-03-18 08:17:40.661869,2151.2339483332944,48.49502440296237,Running
2025-03-18 08:18:40.661869,2176.7193145975975,25.48536626430314,Running
2025-03-18 08:19:40.661869,2012.083225346132,164.6360892514656,Running
2025-03-18 08:20:40.661869,1954.4678848837923,57.615340462339645,Running
2025-03-18 08:21:40.661869,1984.0176611733443,29.549776289552028,Running
2025-03-18 08:22:40.661869,1804.8585208510033,179.15914032234105,Running
2025-03-18 08:23:40.661869,1761.5634906948703,43.29503015613295,Running
2025-03-18 08:24:40.661869,1844.3827629418065,82.81927224693618,Running
2025-03-18 08:25:40.661869,1694.7679842748742,149.61477866693235,Running
2025-03-18 08:26:40.661869,2000.0,305.23201572512585,Running
2025-03-18 08:27:40.661869,1934.932711905703,65.06728809429706,Running
2025-03-18 08:28:40.661869,1965.3424535744496,30.40974166874662,Running
2025-03-18 08:29:40.661869,2002.4122388273713,37.06978525292175,Running
2025-03-18 08:30:40.661869,2032.1514979948456,29.7392591674743,Running
2025-03-18 08:31:40.661869,2076.7830093829934,44.63151138814783,Running
2025-03-18 08:32:40.661869,1995.9556787402635,80.82733064272998,Running
2025-03-18 08:33:40.661869,1973.5249779709025,22.43070076936101,Running
2025-03-18 08:34:40.661869,2000.0,26.475022029097545,Running
2025-03-18 08:35:40.661869,2218.21321382617,218.21321382616998,Running
2025-03-18 08:36:40.661869,6000.0,3781.78678617383,Running
2025-03-18 08:37:40.661869,6058.165041974763,58.16504197476297,Running
2025-03-18 08:38:40.661869,5900.175047343883,157.98999463087966,Running
2025-03-18 08:39:40.661869,5984.1493367823805,83.97428943849718,Running
2025-03-18 08:40:40.661869,5969.170958850934,14.97837793144663,Running
2025-03-18 08:41:40.661869,2000.0,3969.170958850934,Running
2025-03-18 08:42:40.661869,2044.6364529774298,44.636452977429826,Running
2025-03-18 08:43:40.661869,2171.6216723828466,126.98521940541673,Running
2025-03-18 08:44:40.661869,2156.6976814873633,14.923990895483257,Running
2025-03-18 08:45:40.661869,2183.0051385585316,26.3074570711683,Running
2025-03-18 08:46:40.661869,2010.3445497044797,172.66058885405187,Running
2025-03-18 08:47:40.661869,2029.5379600540177,19.193410349538,Running
2025-03-18 08:48:40.661869,2131.402304755246,101.86434470122822,Running
2025-03-18 08:49:40.661869,1994.8467715682805,136.55553318696548,Running
2025-03-18 08:50:40.661869,1924.1640368525455,70.68273471573502,Running
2025-03-18 08:51:40.661869,1902.1891892541078,21.97484759843769,Running
2025-03-18 08:52:40.661869,1879.017581612189,23.171607641918854,Running
2025-03-18 08:53:40.661869,1800.7044800960612,78.31310151612774,Running
2025-03-18 08:54:40.661869,1997.1699152915,196.46543519543889,Running
2025-03-18 08:55:40.661869,1972.0179608025535,25.151954488946558,Running
2025-03-18 08:56:40.661869,0.0,1972.0179608025535,Stopped
2025-03-18 08:57:40.661869,-123.2581238545818,123.2581238545818,Stopped
2025-03-18 08:58:40.661869,-162.91763545856918,39.65951160398738,Stopped
2025-03-18 08:59:40.661869,-167.51416748045455,4.596532021885366,Stopped
2025-03-18 09:00:40.661869,-250.97061777579154,83.45645029533699,Stopped
2025-03-18 09:01:40.661869,-339.02422370249843,88.0536059267069,Stopped
2025-03-18 09:02:40.661869,-349.6645998247178,10.64037612221938,Stopped
2025-03-18 09:03:40.661869,-292.18348801581817,57.48111180889964,Stopped
2025-03-18 09:04:40.661869,-179.39647587766353,112.78701213815464,Stopped
2025-03-18 09:05:40.661869,-77.98255228706869,101.41392359059485,Stopped
2025-03-18 09:06:40.661869,1.572997229024324,79.55554951609301,Stopped
2025-03-18 09:07:40.661869,-62.49657356853493,64.06957079755925,Stopped
2025-03-18 09:08:40.661869,98.74756112744504,161.24413469597997,Stopped
2025-03-18 09:09:40.661869,38.51178860521468,60.235772522230356,Stopped
2025-03-18 09:10:40.661869,-21.63353370995977,60.145322315174454,Stopped
2025-03-18 09:11:40.661869,-102.28742087150948,80.6538871615497,Stopped
2025-03-18 09:12:40.661869,63.398945129414926,165.6863660009244,Stopped
2025-03-18 09:13:40.661869,223.68153917851106,160.28259404909613,Running
2025-03-18 09:14:40.661869,157.74566628526702,65.93587289324404,Running
2025-03-18 09:15:40.661869,165.03506554606216,7.289399260795136,Running
2025-03-18 09:16:40.661869,158.83193447955713,6.203131066505023,Running
2025-03-18 09:17:40.661869,276.8642674890937,118.03233300953659,Running
2025-03-18 09:18:40.661869,385.01198875800833,108.14772126891461,Running
2025-03-18 09:19:40.661869,367.0160549431175,17.995933814890805,Running
2025-03-18 09:20:40.661869,384.987480150248,17.971425207130494,Running
2025-03-18 09:21:40.661869,206.3267975491563,178.6606826010917,Running
2025-03-18 09:22:40.661869,206.32193804212295,0.004859507033359023,Running
2025-03-18 09:23:40.661869,386.6738380523965,180.35190001027354,Running
2025-03-18 09:24:40.661869,448.96902324390726,62.29518519151077,Running
2025-03-18 09:25:40.661869,499.8161798497216,50.84715660581435,Running
2025-03-18 09:26:40.661869,428.5595406922016,71.25663915752,Running
2025-03-18 09:27:40.661869,2000.0,1571.4404593077984,Running
2025-03-18 09:28:40.661869,1889.7988082132088,110.20119178679124,Running
2025-03-18 09:29:40.661869,1957.2704390399892,67.47163082678048,Running
2025-03-18 09:30:40.661869,1961.175262044277,3.904823004287664,Running
2025-03-18 09:31:40.661869,2075.3974267435,114.22216469922319,Running
2025-03-18 09:32:40.661869,2159.219476840844,83.82205009734389,Running
2025-03-18 09:33:40.661869,2099.317928124357,59.901548716487014,Running
2025-03-18 09:34:40.661869,2297.4036294741804,198.08570134982347,Running
2025-03-18 09:35:40.661869,2229.6676409982438,67.73598847593667,Running
2025-03-18 09:36:40.661869,2123.536947512656,106.13069348558793,Running
2025-03-18 09:37:40.661869,0.0,2123.536947512656,Stopped
2025-03-18 09:38:40.661869,2000.0,2000.0,Running
2025-03-18 09:39:40.661869,2043.1643379665281,43.16433796652814,Running
2025-03-18 09:40:40.661869,2104.694762528519,61.530424561990685,Running
2025-03-18 09:41:40.661869,2040.787242954118,63.907519574400794,Running
2025-03-18 09:42:40.661869,6000.0,3959.212757045882,Running
2025-03-18 09:43:40.661869,2000.0,4000.0,Running
2025-03-18 09:44:40.661869,1932.7842082869051,67.21579171309486,Running
2025-03-18 09:45:40.661869,2000.0,67.21579171309486,Running
2025-03-18 09:46:40.661869,1960.6253871139243,39.37461288607574,Running
2025-03-18 09:47:40.661869,1802.9479623241427,157.67742478978153,Running
2025-03-18 09:48:40.661869,1777.9749036048897,24.973058719253004,Running
2025-03-18 09:49:40.661869,1863.5725840360203,85.59768043113058,Running
2025-03-18 09:50:40.661869,1851.5195394174066,12.05304461861374,Running
2025-03-18 09:51:40.661869,1972.4227459519807,120.90320653457411,Running
2025-03-18 09:52:40.661869,2035.8071963576801,63.384450405699454,Running
2025-03-18 09:53:40.661869,1894.0026283244238,141.80456803325637,Running
2025-03-18 09:54:40.661869,1966.013774399204,72.0111460747803,Running
2025-03-18 09:55:40.661869,1903.0564524273682,62.95732197183588,Running
2025-03-18 09:56:40.661869,2252.8447825032517,349.78833007588355,Running
2025-03-18 09:57:40.661869,2193.5025847911256,59.34219771212611,Running
2025-03-18 09:58:40.661869,2316.8882775616535,123.38569277052784,Running
2025-03-18 09:59:40.661869,2235.7577740694874,81.1305034921661,Running
2025-03-18 10:00:40.661869,2388.721738998104,152.9639649286164,Running
2025-03-18 10:01:40.661869,2331.0084270695534,57.71331192855041,Running
2025-03-18 10:02:40.661869,0.0,2331.0084270695534,Stopped
2025-03-18 10:03:40.661869,-31.10050271303263,31.10050271303263,Stopped
2025-03-18 10:04:40.661869,81.53637027704866,112.63687299008129,Stopped
2025-03-18 10:05:40.661869,63.37041161780489,18.16595865924377,Stopped
2025-03-18 10:06:40.661869,77.37634179650424,14.005930178699344,Stopped
2025-03-18 10:07:40.661869,-37.73493121940669,115.11127301591092,Stopped
2025-03-18 10:08:40.661869,-42.713270304003224,4.978339084596534,Stopped
2025-03-18 10:09:40.661869,37.253148793824046,79.96641909782727,Stopped
2025-03-18 10:10:40.661869,-54.950634486179474,92.20378328000352,Stopped
2025-03-18 10:11:40.661869,-186.92715791079354,131.97652342461407,Stopped
2025-03-18 10:12:40.661869,-174.68661283427812,12.240545076515417,Stopped
2025-03-18 10:13:40.661869,-91.75620903333113,82.93040380094699,Stopped
2025-03-18 10:14:40.662870,-19.196246528621103,72.55996250471003,Stopped
2025-03-18 10:15:40.662870,2000.0,2019.196246528621,Running
2025-03-18 10:16:40.662870,2073.449624190557,73.44962419055719,Running
2025-03-18 10:17:40.662870,2005.458740646125,67.99088354443211,Running
2025-03-18 10:18:40.662870,2190.1792887213637,184.72054807523864,Running
2025-03-18 10:19:40.662870,2336.8425076224466,146.66321890108293,Running
2025-03-18 10:20:40.662870,2205.75385501971,131.0886526027366,Running
2025-03-18 10:21:40.662870,0.0,2205.75385501971,Stopped
2025-03-18 10:22:40.662870,-19.530457474487957,19.530457474487957,Stopped
2025-03-18 10:23:40.662870,87.37815440878542,106.90861188327338,Stopped
2025-03-18 10:24:40.662870,77.8198984499215,9.558255958863924,Stopped
2025-03-18 10:25:40.662870,44.96773230792625,32.85216614199525,Stopped
2025-03-18 10:26:40.662870,170.891222853316,125.92349054538977,Running
2025-03-18 10:27:40.662870,53.80550373018275,117.08571912313326,Stopped
2025-03-18 10:28:40.662870,2000.0,1946.1944962698171,Running
2025-03-18 10:29:40.662870,1833.6911880157654,166.30881198423458,Running
2025-03-18 10:30:40.662870,1779.397078622408,54.29410939335753,Running
2025-03-18 10:31:40.662870,1762.3950297569343,17.002048865473625,Running
2025-03-18 10:32:40.662870,1785.2713659215428,22.876336164608574,Running
2025-03-18 10:33:40.662870,1723.4025503347946,61.86881558674827,Running
2025-03-18 10:34:40.662870,1575.4072550094056,147.99529532538895,Running
2025-03-18 10:35:40.662870,1543.9135560714792,31.49369893792641,Running
2025-03-18 10:36:40.662870,1533.8692704665177,10.044285604961487,Running
2025-03-18 10:37:40.662870,1516.392161692641,17.477108773876807,Running
2025-03-18 10:38:40.662870,1482.1821426430508,34.21001904959007,Running
2025-03-18 10:39:40.662870,1383.6963831363453,98.48575950670556,Running
2025-03-18 10:40:40.662870,1319.2701554302423,64.42622770610296,Running
2025-03-18 10:41:40.662870,6000.0,4680.729844569758,Running
2025-03-18 10:42:40.662870,6024.633634467192,24.63363446719177,Running
2025-03-18 10:43:40.662870,5909.740847273766,114.89278719342565,Running
2025-03-18 10:44:40.662870,5828.439220185323,81.30162708844273,Running
2025-03-18 10:45:40.662870,5972.632679805173,144.19345961984982,Running
2025-03-18 10:46:40.662870,6000.0,27.36732019482679,Running
2025-03-18 10:47:40.662870,5984.759957265032,15.240042734967574,Running
2025-03-18 10:48:40.662870,6131.140196854017,146.3802395889843,Running
2025-03-18 10:49:40.662870,0.0,6131.140196854017,Stopped
2025-03-18 10:50:40.662870,20.507307808089095,20.507307808089095,Stopped
2025-03-18 10:51:40.662870,2000.0,1979.492692191911,Running
2025-03-18 10:52:40.662870,2078.995450425469,78.99545042546879,Running
2025-03-18 10:53:40.662870,2042.381801620166,36.61364880530277,Running
2025-03-18 10:54:40.662870,2058.8927324546694,16.51093083450337,Running
2025-03-18 10:55:40.662870,2017.7735251049858,41.11920734968362,Running
2025-03-18 10:56:40.662870,0.0,2017.7735251049858,Stopped
2025-03-18 10:57:40.662870,-132.76833726271485,132.76833726271485,Stopped
2025-03-18 10:58:40.662870,2000.0,2132.768337262715,Running
2025-03-18 10:59:40.662870,2008.4074878776898,8.407487877689846,Running
2025-03-18 11:00:40.662870,2012.8594383445163,4.451950466826474,Running
2025-03-18 11:01:40.662870,6000.0,3987.140561655484,Running
2025-03-18 11:02:40.662870,5959.19556155128,40.80443844872025,Running
2025-03-18 11:03:40.662870,5818.013913807527,141.18164774375236,Running
2025-03-18 11:04:40.662870,5934.107989487672,116.09407568014467,Running
2025-03-18 11:05:40.662870,6106.0664184039015,171.95842891622942,Running
2025-03-18 11:06:40.662870,5987.2319720008745,118.83444640302696,Running
2025-03-18 11:07:40.662870,5909.278446902287,77.9535250985873,Running
2025-03-18 11:08:40.662870,5797.861261761887,111.41718514039985,Running
2025-03-18 11:09:40.662870,5777.910383593953,19.950878167934206,Running
2025-03-18 11:10:40.662870,5898.120548001611,120.21016440765743,Running
2025-03-18 11:11:40.662870,6004.081944776084,105.96139677447354,Running
2025-03-18 11:12:40.662870,6005.316213399256,1.2342686231722837,Running
2025-03-18 11:13:40.662870,6176.3758952262115,171.05968182695506,Running
2025-03-18 11:14:40.662870,6265.7198222781135,89.34392705190203,Running
2025-03-18 11:15:40.662870,0.0,6265.7198222781135,Stopped
2025-03-18 11:16:40.662870,15.450101631373553,15.450101631373553,Stopped
2025-03-18 11:17:40.662870,93.84631209323165,78.39621046185809,Stopped
2025-03-18 11:18:40.662870,31.62507281053953,62.22123928269212,Stopped
2025-03-18 11:19:40.662870,41.06067263229794,9.435599821758409,Stopped
2025-03-18 11:20:40.662870,0.0,41.06067263229794,Stopped
2025-03-18 11:21:40.662870,6000.0,6000.0,Running
2025-03-18 11:22:40.662870,6063.058860913214,63.05886091321372,Running
2025-03-18 11:23:40.662870,5757.653255316461,305.40560559675305,Running
2025-03-18 11:24:40.662870,5820.071248999024,62.417993682563065,Running
2025-03-18 11:25:40.662870,5711.787500504497,108.28374849452666,Running
2025-03-18 11:26:40.662870,2000.0,3711.787500504497,Running
2025-03-18 11:27:40.662870,2064.0870916981726,64.08709169817257,Running
2025-03-18 11:28:40.662870,1846.9582407562843,217.12885094188823,Running
2025-03-18 11:29:40.662870,1860.980831538278,14.022590781993586,Running
2025-03-18 11:30:40.662870,1752.4472439947,108.53358754357782,Running
2025-03-18 11:31:40.662870,1814.0852915965468,61.638047601846665,Running
2025-03-18 11:32:40.662870,1820.3563151188202,6.271023522273481,Running
2025-03-18 11:33:40.662870,0.0,1820.3563151188202,Stopped
2025-03-18 11:34:40.662870,71.38897589562538,71.38897589562538,Stopped
2025-03-18 11:35:40.662870,115.32228721904171,43.93331132341633,Running
2025-03-18 11:36:40.662870,246.51186847342382,131.18958125438212,Running
2025-03-18 11:37:40.662870,361.33486786169703,114.82299938827322,Running
2025-03-18 11:38:40.662870,550.0433932888695,188.7085254271725,Running
2025-03-18 11:39:40.662870,606.6620282149935,56.618634926123946,Running
2025-03-18 11:40:40.662870,561.3117537224217,45.35027449257177,Running
2025-03-18 11:41:40.662870,557.226000842767,4.085752879654706,Running
2025-03-18 11:42:40.662870,499.64814033847097,57.57786050429604,Running
2025-03-18 11:43:40.662870,408.08246088144654,91.56567945702443,Running
2025-03-18 11:44:40.662870,351.5198838810344,56.56257700041215,Running
2025-03-18 11:45:40.662870,313.26518689433954,38.25469698669485,Running
2025-03-18 11:46:40.662870,137.36883978138925,175.89634711295028,Running
2025-03-18 11:47:40.662870,-16.94877334433889,154.31761312572814,Stopped
2025-03-18 11:48:40.662870,61.80266179506057,78.75143513939946,Stopped
2025-03-18 11:49:40.662870,2000.0,1938.1973382049393,Running
2025-03-18 11:50:40.662870,6000.0,4000.0,Running
2025-03-18 11:51:40.662870,5967.607344784555,32.3926552154453,Running
2025-03-18 11:52:40.662870,5864.602968563326,103.004376221229,Running
2025-03-18 11:53:40.662870,5786.674793201439,77.92817536188704,Running
2025-03-18 11:54:40.662870,5899.82958752492,113.15479432348093,Running
2025-03-18 11:55:40.662870,5753.307518630936,146.5220688939835,Running
2025-03-18 11:56:40.662870,5616.62019391803,136.68732471290605,Running
2025-03-18 11:57:40.662870,5489.579430806473,127.04076311155677,Running
2025-03-18 11:58:40.662870,5372.038693498492,117.54073730798154,Running
2025-03-18 11:59:40.662870,5280.967944853992,91.07074864449987,Running
2025-03-18 12:00:40.662870,5234.809605167956,46.158339686036015,Running
2025-03-18 12:01:40.662870,5416.716027838835,181.90642267087878,Running
2025-03-18 12:02:40.662870,5467.274686483761,50.558658644926254,Running
2025-03-18 12:03:40.662870,5491.474614286703,24.19992780294251,Running
2025-03-18 12:04:40.662870,0.0,5491.474614286703,Stopped
2025-03-18 12:05:40.662870,0.0,0.0,Stopped
2025-03-18 12:06:40.662870,39.877482466979814,39.877482466979814,Stopped
2025-03-18 12:07:40.662870,68.49328252496386,28.615800057984046,Stopped
2025-03-18 12:08:40.662870,39.63715253202676,28.8561299929371,Stopped
2025-03-18 12:09:40.662870,33.13187136823631,6.50528116379045,Stopped
2025-03-18 12:10:40.662870,111.00146287091658,77.86959150268027,Running
2025-03-18 12:11:40.662870,-134.5349210486108,245.5363839195274,Stopped
2025-03-18 12:12:40.662870,24.1386240146862,158.673545063297,Stopped
2025-03-18 12:13:40.662870,-83.98642871457547,108.12505272926167,Stopped
2025-03-18 12:14:40.662870,-195.55862440276326,111.57219568818779,Stopped
2025-03-18 12:15:40.662870,-373.4871718290643,177.92854742630107,Stopped
2025-03-18 12:16:40.662870,-396.50092408534834,23.01375225628402,Stopped
2025-03-18 12:17:40.662870,-397.3177391520764,0.8168150667280543,Stopped
2025-03-18 12:18:40.662870,-417.65439772487997,20.33665857280357,Stopped
2025-03-18 12:19:40.662870,-423.9947706987622,6.340372973882211,Stopped
2025-03-18 12:20:40.662870,2000.0,2423.9947706987623,Running
2025-03-18 12:21:40.662870,2038.5889775476362,38.588977547636205,Running
2025-03-18 12:22:40.662870,2020.8659896542165,17.722987893419713,Running
2025-03-18 12:23:40.662870,2108.036200532287,87.17021087807029,Running
2025-03-18 12:24:40.662870,6000.0,3891.963799467713,Running
2025-03-18 12:25:40.662870,6027.609476887483,27.609476887482742,Running
2025-03-18 12:26:40.662870,6015.144077815078,12.46539907240458,Running
2025-03-18 12:27:40.662870,6089.207486650694,74.06340883561552,Running
2025-03-18 12:28:40.662870,6214.484171659141,125.2766850084472,Running
2025-03-18 12:29:40.662870,6082.355286686862,132.12888497227868,Running
2025-03-18 12:30:40.662870,5942.855351969136,139.49993471772632,Running
2025-03-18 12:31:40.662870,5952.191478841112,9.336126871976376,Running
2025-03-18 12:32:40.662870,5856.65152328374,95.5399555573722,Running
2025-03-18 12:33:40.662870,5857.734868082589,1.0833447988488842,Running
2025-03-18 12:34:40.662870,5895.720596647229,37.98572856464034,Running
2025-03-18 12:35:40.662870,6063.372448690958,167.65185204372847,Running
2025-03-18 12:36:40.662870,6168.390794658385,105.0183459674272,Running
2025-03-18 12:37:40.662870,6159.493328548862,8.897466109522611,Running
2025-03-18 12:38:40.662870,6074.890725827396,84.60260272146661,Running
2025-03-18 12:39:40.662870,6127.1349856504075,52.24425982301182,Running
2025-03-18 12:40:40.662870,6186.712659373199,59.57767372279159,Running
2025-03-18 12:41:40.662870,6165.244856337243,21.467803035956422,Running
2025-03-18 12:42:40.662870,6029.008125410182,136.2367309270603,Running
2025-03-18 12:43:40.662870,5770.489283022906,258.518842387276,Running
2025-03-18 12:44:40.662870,5600.123831535165,170.36545148774167,Running
2025-03-18 12:45:40.662870,5591.446823479324,8.677008055840815,Running
2025-03-18 12:46:40.662870,5719.1962803544675,127.74945687514355,Running
2025-03-18 12:47:40.662870,5577.672483830671,141.5237965237966,Running
2025-03-18 12:48:40.662870,5407.395773355546,170.27671047512467,Running
2025-03-18 12:49:40.662870,5389.64254856797,17.753224787576073,Running
2025-03-18 12:50:40.662870,5192.505201703032,197.13734686493808,Running
2025-03-18 12:51:40.662870,5263.694699790684,71.18949808765228,Running
2025-03-18 12:52:40.662870,5334.484838307422,70.7901385167379,Running
2025-03-18 12:53:40.662870,5142.562244772509,191.92259353491318,Running
2025-03-18 12:54:40.662870,5229.409324305327,86.84707953281759,Running
2025-03-18 12:55:40.662870,5186.595814233153,42.81351007217381,Running
2025-03-18 12:56:40.662870,4943.425062247788,243.1707519853644,Running
2025-03-18 12:57:40.662870,5017.465272448148,74.04021020035998,Running
2025-03-18 12:58:40.662870,4822.403250717965,195.062021730183,Running
2025-03-18 12:59:40.662870,4801.4077226577165,20.995528060248944,Running
2025-03-18 13:00:40.662870,4787.675501679122,13.732220978594341,Running
2025-03-18 13:01:40.662870,4757.466556584261,30.20894509486152,Running
2025-03-18 13:02:40.662870,4623.259212223632,134.20734436062867,Running
2025-03-18 13:03:40.662870,6000.0,1376.740787776368,Running
2025-03-18 13:04:40.662870,5864.384621056766,135.61537894323374,Running
2025-03-18 13:05:40.662870,5860.02384266942,4.3607783873458175,Running
2025-03-18 13:06:40.662870,5561.108349323583,298.9154933458376,Running
2025-03-18 13:07:40.662870,5542.585199250212,18.523150073370743,Running
2025-03-18 13:08:40.662870,2000.0,3542.585199250212,Running
2025-03-18 13:09:40.662870,2030.1269564635484,30.126956463548368,Running
2025-03-18 13:10:40.662870,1897.2165915685353,132.91036489501312,Running
2025-03-18 13:11:40.662870,2063.0033295340745,165.78673796553926,Running
2025-03-18 13:12:40.662870,2177.88752963051,114.8842000964355,Running
2025-03-18 13:13:40.662870,2183.964551874653,6.077022244142881,Running
2025-03-18 13:14:40.662870,2242.5164029292587,58.55185105460578,Running
2025-03-18 13:15:40.662870,2170.0825251854208,72.43387774383791,Running
2025-03-18 13:16:40.662870,2206.3366172574392,36.254092072018466,Running
2025-03-18 13:17:40.662870,0.0,2206.3366172574392,Stopped
2025-03-18 13:18:40.662870,2000.0,2000.0,Running
2025-03-18 13:19:40.662870,6000.0,4000.0,Running
2025-03-18 13:20:40.662870,6188.37759669828,188.37759669828029,Running
2025-03-18 13:21:40.662870,5881.1975073215635,307.18008937671675,Running
2025-03-18 13:22:40.662870,5961.881543908699,80.68403658713578,Running
2025-03-18 13:23:40.662870,5893.945638679862,67.93590522883733,Running
2025-03-18 13:24:40.662870,5937.731639101729,43.78600042186736,Running
2025-03-18 13:25:40.662870,6000.0,62.26836089827066,Running
2025-03-18 13:26:40.662870,6000.786008422231,0.7860084222311343,Running
2025-03-18 13:27:40.662870,6184.38899253228,183.60298411004896,Running
2025-03-18 13:28:40.662870,6301.033263814479,116.64427128219904,Running
2025-03-18 13:29:40.662870,6399.5677025342075,98.53443871972831,Running
2025-03-18 13:30:40.662870,6342.914452464375,56.65325006983221,Running
2025-03-18 13:31:40.662870,6289.9399606032985,52.974491861076785,Running
2025-03-18 13:32:40.662870,6135.011566345679,154.9283942576194,Running
2025-03-18 13:33:40.662870,6128.983183074733,6.028383270946506,Running
2025-03-18 13:34:40.662870,6123.410220313846,5.572962760886185,Running
2025-03-18 13:35:40.662870,6046.254609592136,77.15561072171022,Running
2025-03-18 13:36:40.662870,5937.713697362616,108.54091222952047,Running
2025-03-18 13:37:40.662870,5926.730053505828,10.98364385678724,Running
2025-03-18 13:38:40.662870,5912.950226543331,13.779826962497282,Running
2025-03-18 13:39:40.662870,6184.024017855431,271.0737913121002,Running
2025-03-18 13:40:40.662870,6157.681379358354,26.342638497077132,Running
2025-03-18 13:41:40.662870,6272.627651810128,114.94627245177344,Running
2025-03-18 13:42:40.662870,6271.387740273464,1.239911536663385,Running
2025-03-18 13:43:40.662870,6000.0,271.38774027346426,Running
2025-03-18 13:44:40.662870,6021.568349137645,21.568349137644873,Running
2025-03-18 13:45:40.662870,5965.767554051456,55.80079508618928,Running
2025-03-18 13:46:40.662870,5967.9508830202985,2.183328968842943,Running
2025-03-18 13:47:40.662870,5921.359042993718,46.59184002658094,Running
2025-03-18 13:48:40.662870,5891.118499412377,30.240543581340717,Running
2025-03-18 13:49:40.662870,5875.193412417939,15.925086994438061,Running
2025-03-18 13:50:40.662870,5989.0394835738925,113.84607115595372,Running
2025-03-18 13:51:40.662870,5989.471229016965,0.4317454430720318,Running
2025-03-18 13:52:40.662870,6071.502436395703,82.03120737873815,Running
2025-03-18 13:53:40.662870,5908.015875029771,163.48656136593127,Running
2025-03-18 13:54:40.662870,0.0,5908.015875029771,Stopped
2025-03-18 13:55:40.662870,-66.74151391870897,66.74151391870897,Stopped
2025-03-18 13:56:40.662870,0.0,66.74151391870897,Stopped
2025-03-18 13:57:40.662870,-73.16609859611563,73.16609859611563,Stopped
2025-03-18 13:58:40.662870,-14.35506399581567,58.81103460029996,Stopped
2025-03-18 13:59:40.662870,-49.34381403746324,34.98875004164757,Stopped
2025-03-18 14:00:40.662870,-144.0888803691185,94.74506633165527,Stopped
2025-03-18 14:01:40.662870,-39.77795329217723,104.31092707694127,Stopped
2025-03-18 14:02:40.662870,-285.3264100162253,245.54845672404804,Stopped
2025-03-18 14:03:40.662870,-462.296273408975,176.96986339274974,Stopped
2025-03-18 14:04:40.662870,-328.7308310886584,133.5654423203166,Stopped
2025-03-18 14:05:40.662870,-140.1217300921174,188.60910099654103,Stopped
2025-03-18 14:06:40.662870,-185.3950864803187,45.27335638820131,Stopped
2025-03-18 14:07:40.662870,-244.47365497686812,59.07856849654942,Stopped
2025-03-18 14:08:40.662870,-103.42277599400794,141.05087898286018,Stopped
2025-03-18 14:09:40.662870,-255.90100675754127,152.47823076353333,Stopped
2025-03-18 14:10:40.662870,-330.6852963923187,74.78428963477745,Stopped
2025-03-18 14:11:40.662870,-397.3633676719493,66.67807127963056,Stopped
2025-03-18 14:12:40.662870,6000.0,6397.363367671949,Running
2025-03-18 14:13:40.662870,6099.939248656235,99.93924865623467,Running
2025-03-18 14:14:40.662870,6077.66730100227,22.27194765396507,Running
2025-03-18 14:15:40.662870,5893.044643705431,184.62265729683895,Running
2025-03-18 14:16:40.662870,5782.301301314863,110.7433423905677,Running
2025-03-18 14:17:40.662870,5723.152265408644,59.14903590621907,Running
2025-03-18 14:18:40.662870,0.0,5723.152265408644,Stopped
2025-03-18 14:19:40.662870,118.90016982017787,118.90016982017787,Running
2025-03-18 14:20:40.662870,19.014948061942377,99.88522175823549,Stopped
2025-03-18 14:21:40.662870,135.6201324746098,116.60518441266741,Running
2025-03-18 14:22:40.662870,241.0221289883952,105.4019965137854,Running
2025-03-18 14:23:40.662870,248.61172120503142,7.58959221663622,Running
2025-03-18 14:24:40.662870,268.1933030721546,19.58158186712319,Running
2025-03-18 14:25:40.662870,353.9648529210494,85.77154984889478,Running
2025-03-18 14:26:40.662870,375.0283974523123,21.06354453126289,Running
2025-03-18 14:27:40.662870,429.64884351921677,54.62044606690449,Running
2025-03-18 14:28:40.662870,448.89354841989956,19.24470490068279,Running
2025-03-18 14:29:40.662870,353.7523168630198,95.14123155687975,Running
2025-03-18 14:30:40.662870,408.3294020821364,54.57708521911661,Running
2025-03-18 14:31:40.662870,328.97322634958294,79.35617573255348,Running
2025-03-18 14:32:40.662870,491.3587410065621,162.38551465697918,Running
2025-03-18 14:33:40.662870,617.2464390405607,125.88769803399862,Running
2025-03-18 14:34:40.662870,626.6251824497173,9.378743409156527,Running
2025-03-18 14:35:40.662870,690.7956834081814,64.17050095846412,Running
2025-03-18 14:36:40.662870,0.0,690.7956834081814,Stopped
2025-03-18 14:37:40.662870,-36.656549385968624,36.656549385968624,Stopped
2025-03-18 14:38:40.662870,27.647544052284367,64.30409343825299,Stopped
2025-03-18 14:39:40.662870,89.89416379114529,62.24661973886092,Stopped
2025-03-18 14:40:40.662870,-49.89235127505971,139.786515066205,Stopped
2025-03-18 14:41:40.662870,104.60283691816242,154.49518819322213,Running
2025-03-18 14:42:40.662870,226.9779838915643,122.37514697340187,Running
2025-03-18 14:43:40.662870,90.84647056695704,136.13151332460725,Stopped
2025-03-18 14:44:40.662870,113.19573073828711,22.349260171330073,Running
2025-03-18 14:45:40.662870,52.01283188627258,61.18289885201453,Stopped
2025-03-18 14:46:40.662870,78.60612303993346,26.593291153660886,Stopped
2025-03-18 14:47:40.662870,49.76802840718884,28.838094632744628,Stopped
2025-03-18 14:48:40.662870,-77.01150113019332,126.77952953738216,Stopped
2025-03-18 14:49:40.662870,-16.168717205791467,60.84278392440186,Stopped
2025-03-18 14:50:40.662870,126.23005117986739,142.39876838565885,Running
2025-03-18 14:51:40.662870,68.17340096257729,58.0566502172901,Stopped
2025-03-18 14:52:40.662870,2000.0,1931.8265990374227,Running
2025-03-18 14:53:40.662870,2000.2897255743321,0.28972557433212387,Running
2025-03-18 14:54:40.662870,2000.0,0.28972557433212387,Running
2025-03-18 14:55:40.662870,1970.6577382604385,29.342261739561536,Running
2025-03-18 14:56:40.662870,2000.0,29.342261739561536,Running
2025-03-18 14:57:40.662870,2057.587976949891,57.58797694989107,Running
2025-03-18 14:58:40.662870,2041.780322440949,15.80765450894205,Running
2025-03-18 14:59:40.662870,2092.1399544644387,50.35963202348967,Running
2025-03-18 15:00:40.662870,2140.270096374523,48.13014191008415,Running
2025-03-18 15:01:40.662870,2190.7895120108788,50.519415636355916,Running
2025-03-18 15:02:40.662870,2151.405581542242,39.38393046863666,Running
2025-03-18 15:03:40.662870,2137.7724433460603,13.63313819618179,Running
2025-03-18 15:04:40.662870,2184.1557337669633,46.383290420902995,Running
2025-03-18 15:05:40.662870,2239.826593727791,55.670859960827784,Running
2025-03-18 15:06:40.662870,2206.8776613045084,32.94893242328271,Running
2025-03-18 15:07:40.662870,2170.6007154213453,36.27694588316308,Running
2025-03-18 15:08:40.662870,2118.8230134118357,51.77770200950954,Running
2025-03-18 15:09:40.662870,0.0,2118.8230134118357,Stopped
2025-03-18 15:10:40.662870,82.60615622690372,82.60615622690372,Stopped
2025-03-18 15:11:40.662870,-48.78985367304918,131.3960098999529,Stopped
2025-03-18 15:12:40.662870,-82.06930131068239,33.27944763763321,Stopped
2025-03-18 15:13:40.662870,-160.7356467133925,78.6663454027101,Stopped
2025-03-18 15:14:40.662870,-165.85866033865906,5.123013625266566,Stopped
2025-03-18 15:15:40.662870,-468.49096209803406,302.63230175937497,Stopped
2025-03-18 15:16:40.662870,-450.4464643560274,18.044497742006683,Stopped
2025-03-18 15:17:40.662870,-335.70914997041723,114.73731438561015,Stopped
2025-03-18 15:18:40.662870,-246.62088960452235,89.08826036589488,Stopped
2025-03-18 15:19:40.662870,7.150465691057917,253.77135529558026,Stopped
2025-03-18 15:20:40.662870,-70.9563238674874,78.10678955854532,Stopped
2025-03-18 15:21:40.662870,-57.31692956591113,13.639394301576267,Stopped
2025-03-18 15:22:40.662870,39.53584703080889,96.85277659672002,Stopped
2025-03-18 15:23:40.662870,56.37834836475545,16.842501333946565,Stopped
2025-03-18 15:24:40.662870,5.732448508706362,50.64589985604909,Stopped
2025-03-18 15:25:40.662870,-50.622448300239036,56.3548968089454,Stopped
2025-03-18 15:26:40.662870,2000.0,2050.622448300239,Running
2025-03-18 15:27:40.662870,2040.9440023069176,40.94400230691758,Running
2025-03-18 15:28:40.663822,2127.5692038435773,86.62520153665969,Running
2025-03-18 15:29:40.663822,2348.2804097564303,220.71120591285307,Running
2025-03-18 15:30:40.663822,2528.4277636842626,180.14735392783223,Running
2025-03-18 15:31:40.663822,2313.6500944359805,214.7776692482821,Running
2025-03-18 15:32:40.663822,2352.5845687373117,38.93447430133119,Running
2025-03-18 15:33:40.663822,2464.5694768737117,111.98490813640001,Running
2025-03-18 15:34:40.663822,2626.569165151292,161.9996882775804,Running
2025-03-18 15:35:40.663822,2600.3136660458817,26.25549910541031,Running
2025-03-18 15:36:40.663822,2622.2833344458168,21.969668399935017,Running
2025-03-18 15:37:40.663822,2706.7661665476153,84.48283210179852,Running
2025-03-18 15:38:40.663822,2730.269576736644,23.503410189028727,Running
2025-03-18 15:39:40.663822,2677.695344232701,52.57423250394322,Running
2025-03-18 15:40:40.663822,2584.557160283189,93.13818394951159,Running
2025-03-18 15:41:40.663822,2587.3916580636155,2.834497780426318,Running
2025-03-18 15:42:40.663822,2488.11563289992,99.27602516369552,Running
2025-03-18 15:43:40.663822,2385.9272502775966,102.18838262232339,Running
2025-03-18 15:44:40.663822,2225.4482954951827,160.4789547824139,Running
2025-03-18 15:45:40.663822,2104.721008753272,120.72728674191058,Running
2025-03-18 15:46:40.663822,2115.2192083621385,10.498199608866344,Running
2025-03-18 15:47:40.663822,2195.0034478455514,79.78423948341288,Running
2025-03-18 15:48:40.663822,2167.911322287893,27.092125557658164,Running
2025-03-18 15:49:40.663822,2199.6145797239565,31.703257436063268,Running
2025-03-18 15:50:40.663822,2228.725109245241,29.11052952128466,Running
2025-03-18 15:51:40.663822,2320.2655602477785,91.54045100253734,Running
2025-03-18 15:52:40.663822,2051.6047676770404,268.66079257073807,Running
2025-03-18 15:53:40.663822,1786.9068584686913,264.6979092083491,Running
2025-03-18 15:54:40.663822,1705.7431653056685,81.1636931630228,Running
2025-03-18 15:55:40.663822,1727.696972672979,21.953807367310446,Running
2025-03-18 15:56:40.663822,1706.971750204654,20.725222468325,Running
2025-03-18 15:57:40.663822,1681.3718980594947,25.599852145159275,Running
2025-03-18 15:58:40.663822,1747.5965186362146,66.22462057671987,Running
2025-03-18 15:59:40.663822,1747.9471168633336,0.3505982271190078,Running
2025-03-18 16:00:40.663822,1917.717393431613,169.77027656827931,Running
2025-03-18 16:01:40.663822,2113.3589678093094,195.64157437769654,Running
2025-03-18 16:02:40.663822,0.0,2113.3589678093094,Stopped
2025-03-18 16:03:40.663822,-163.9801566952233,163.9801566952233,Stopped
2025-03-18 16:04:40.663822,-208.89293627417325,44.912779578949966,Stopped
2025-03-18 16:05:40.663822,-234.31196772502165,25.419031450848394,Stopped
2025-03-18 16:06:40.663822,-218.4407337491552,15.871233975866431,Stopped
2025-03-18 16:07:40.663822,-184.74217164176744,33.69856210738777,Stopped
2025-03-18 16:08:40.663822,-223.61831111405547,38.87613947228803,Stopped
2025-03-18 16:09:40.663822,2000.0,2223.6183111140554,Running
2025-03-18 16:10:40.663822,2009.7176362867451,9.717636286745119,Running
2025-03-18 16:11:40.663822,1886.7305197128294,122.98711657391573,Running
2025-03-18 16:12:40.663822,1982.779298156087,96.04877844325756,Running
2025-03-18 16:13:40.663822,1945.9114368835878,36.86786127249911,Running
2025-03-18 16:14:40.663822,2020.2062070479105,74.2947701643227,Running
2025-03-18 16:15:40.663822,2083.13341781621,62.927210768299574,Running
2025-03-18 16:16:40.663822,1903.9612581644783,179.17215965173182,Running
2025-03-18 16:17:40.663822,1694.5394039404052,209.42185422407306,Running
2025-03-18 16:18:40.663822,1563.1109505314294,131.42845340897588,Running
2025-03-18 16:19:40.663822,1665.8138593604758,102.70290882904646,Running
2025-03-18 16:20:40.663822,1603.4654519488736,62.34840741160224,Running
2025-03-18 16:21:40.663822,1672.7918034023057,69.32635145343215,Running
2025-03-18 16:22:40.663822,1746.6864195579928,73.89461615568712,Running
2025-03-18 16:23:40.663822,1964.5068969863464,217.82047742835357,Running
2025-03-18 16:24:40.663822,2006.2872185605786,41.780321574232175,Running
2025-03-18 16:25:40.663822,1862.2813674029721,144.00585115760646,Running
2025-03-18 16:26:40.663822,1773.305194957535,88.97617244543721,Running
2025-03-18 16:27:40.663822,2000.0,226.69480504246508,Running
2025-03-18 16:28:40.663822,1907.489191727887,92.51080827211308,Running
2025-03-18 16:29:40.663822,2128.2797914808048,220.79059975291784,Running
2025-03-18 16:30:40.663822,2184.3093688583017,56.029577377496935,Running
2025-03-18 16:31:40.663822,2176.1207216420657,8.18864721623595,Running
2025-03-18 16:32:40.663822,2295.1432594864496,119.0225378443838,Running
2025-03-18 16:33:40.663822,2276.2568416483455,18.88641783810408,Running
2025-03-18 16:34:40.663822,2480.1637381200367,203.9068964716912,Running
2025-03-18 16:35:40.663822,2419.7030457344904,60.46069238554628,Running
2025-03-18 16:36:40.663822,2000.0,419.7030457344904,Running
2025-03-18 16:37:40.663822,1979.783954161076,20.216045838923947,Running
2025-03-18 16:38:40.663822,1948.5688000023176,31.215154158758423,Running
2025-03-18 16:39:40.663822,1904.7846068473896,43.78419315492806,Running
2025-03-18 16:40:40.663822,1898.576350540509,6.2082563068804575,Running
2025-03-18 16:41:40.663822,1966.4212171124445,67.84486657193543,Running
2025-03-18 16:42:40.663822,1965.4906872901086,0.9305298223359841,Running
2025-03-18 16:43:40.663822,1968.58902000815,3.098332718041547,Running
2025-03-18 16:44:40.663822,2170.334879486801,201.74585947865103,Running
2025-03-18 16:45:40.663822,2157.315448251657,13.019431235144111,Running
2025-03-18 16:46:40.663822,2161.6952321074286,4.37978385577162,Running
2025-03-18 16:47:40.663822,2302.6907315544863,140.99549944705768,Running
2025-03-18 16:48:40.663822,2398.005011430574,95.31427987608777,Running
2025-03-18 16:49:40.663822,2668.519754245048,270.5147428144737,Running
2025-03-18 16:50:40.663822,2698.4779621273083,29.958207882260467,Running
2025-03-18 16:51:40.663822,2617.6618926040537,80.81606952325455,Running
2025-03-18 16:52:40.663822,2516.8726628503523,100.78922975370142,Running
2025-03-18 16:53:40.663822,2547.570790730379,30.698127880026732,Running
2025-03-18 16:54:40.663822,2461.5786822731275,85.99210845725156,Running
2025-03-18 16:55:40.663822,2438.424940463821,23.153741809306666,Running
2025-03-18 16:56:40.663822,2476.485865523249,38.06092505942797,Running
2025-03-18 16:57:40.663822,0.0,2476.485865523249,Stopped
2025-03-18 16:58:40.663822,32.050589805022234,32.050589805022234,Stopped
2025-03-18 16:59:40.663822,-115.04967548167122,147.10026528669346,Stopped
2025-03-18 17:00:40.663822,-94.6366309397531,20.41304454191811,Stopped
2025-03-18 17:01:40.663822,-55.333078229611125,39.30355271014198,Stopped
2025-03-18 17:02:40.663822,36.45841000632992,91.79148823594105,Stopped
2025-03-18 17:03:40.663822,2000.0,1963.5415899936702,Running
2025-03-18 17:04:40.663822,1899.9187389690032,100.08126103099676,Running
2025-03-18 17:05:40.663822,1876.6953192694702,23.223419699532997,Running
2025-03-18 17:06:40.663822,1816.8849784930358,59.81034077643449,Running
2025-03-18 17:07:40.663822,1846.208049067602,29.323070574566145,Running
2025-03-18 17:08:40.663822,1800.857512884636,45.350536182965925,Running
2025-03-18 17:09:40.663822,1790.604765590072,10.25274729456396,Running
2025-03-18 17:10:40.663822,1863.6374845079522,73.03271891788017,Running
2025-03-18 17:11:40.663822,1923.6666526445504,60.02916813659817,Running
2025-03-18 17:12:40.663822,1769.6100832110908,154.05656943345957,Running
2025-03-18 17:13:40.663822,1643.3136832685286,126.29639994256218,Running
2025-03-18 17:14:40.663822,1684.9291917616638,41.61550849313517,Running
2025-03-18 17:15:40.663822,1758.6364319618233,73.7072402001595,Running
2025-03-18 17:16:40.663822,1650.311662165593,108.32476979623038,Running
2025-03-18 17:17:40.663822,1631.5771299188607,18.734532246732215,Running
