Required_Flow_Rate,System_Pressure,Power_Consumption,Optimal_Speed
99.53568234304115,1.644002181187355,1653.3951671586815,1077.5569324897792
26.39110982967347,3.266043799870988,758.2632170842113,427.2132882902841
92.64079059832704,7.2231039054262425,6694.272201280389,1287.5631012545823
54.61292887322458,9.83928412952153,5331.277482000502,1038.0934952083223
91.89657826998591,6.989195167592223,6415.77830948474,1268.4255410794703
23.039724526381512,3.0543553788477515,637.4903003560264,383.1150142062028
15.866266299917678,4.747154541881332,664.4333482567844,396.02039009324335
34.79156584758406,5.885436878115286,2070.017288974873,642.1875023816049
86.1078024886935,9.74724669269357,8337.240191443489,1348.4403595216133
26.79501499552158,7.687566636174963,2057.4977711205515,652.3284817639639
91.01282336403204,2.254715389059763,2064.9749099098854,1022.8640030933086
95.9183041519924,5.993057012011511,5707.688908503811,1258.8358921204995
43.536868545441834,8.118690118939949,3454.504408647065,841.3031914014158
27.92750597340595,4.0685237088481,1151.145313319631,482.7012451764645
77.08401658362772,4.340722229473086,3302.7968901419963,987.8762773099315
91.03878390189037,9.42733564847901,8656.514177455201,1381.754621442854
14.773061100409745,6.0637660865326914,952.9529378665859,450.91891533073203
35.64475558626981,4.13102301419801,1541.8566652232803,562.9987065725986
26.815101172396588,2.3818743187126876,594.8673148052985,387.2447276596003
98.59971756613325,3.5913989122135614,3449.689976264369,1165.5671212720106
25.883644517400356,2.826318698210243,895.4212468542648,400.15238008451576
98.05435994367568,2.7915850253360794,2663.6054097601923,1120.1228507035607
24.459190390398135,6.319177777863833,1636.6705835543974,560.550792797173
88.29431932211239,3.4036672034292725,2872.7649651136426,1053.1265533925875
22.323453264043334,2.4476526532831437,559.6544190465077,345.6171653045905
83.61759357385176,7.406680843933911,6222.733400576325,1206.5099779352133
68.8653112201393,2.697811539668897,1893.8266649179664,823.5436891848378
16.50502015431371,5.7554111619690485,999.6398213385306,452.82075964158946
25.625590099779757,3.448147149881438,1025.86565678743,428.6632584918695
75.04465337380071,8.678665699743132,6514.835056547556,1184.3798187251637
27.086817764633004,7.347917973257613,1823.5782610335257,638.2640763092106
80.78851530449315,7.001222816493993,5608.063344786677,1157.946293869631
86.97464565938654,6.983538075271771,6186.729597002308,1218.923360357454
11.998874965085095,9.959674202442805,1181.8136172069924,617.9724597729912
20.953776684909272,3.767768927461393,885.411077964266,397.92621322216235
50.73595827591325,2.879765233011062,1381.7665776190613,651.3478444096856
90.86256874644812,8.328658980499771,7661.502049027657,1325.0586364894696
48.494730861385385,2.1644297994779667,1072.760809010053,593.1687985877521
49.616516337953115,7.736754071262667,3794.256748900601,883.0028669426645
60.717262240339224,2.2117027403138474,1270.9422982924061,717.7577594190847
26.47636724927051,5.7687454400174065,1505.2819717397138,553.2009444935754
41.277153906759665,1.7042467540325865,696.5617630992984,497.983876769226
86.28875384899096,6.605244192857238,5567.197227594649,1193.1497481327715
51.11303358746611,8.715474216676686,4536.565421830398,946.9040467084955
73.57470504233189,5.577085466903433,4031.587839678498,1014.6013237684905
92.62820133889588,3.2584367654639985,3017.898097273231,1089.2038516621587
19.234666592726768,4.61538869634581,637.7735845862956,423.11610074455814
30.40154036519123,2.3076912427416945,665.3958305542474,419.399965788997
54.30644609068631,8.667795880847503,4710.316336282298,976.4542549492382
19.74327353916532,2.8671378394455855,498.4988542432649,340.7896273639325
70.15831612271646,2.319564102797761,1486.7334402844351,817.5613663670526
27.21913794898822,7.475360683773419,1814.4448987849075,645.9594136785531
29.667728571013235,8.309877354490283,2558.615483967017,712.1711534346466
91.34172823645659,6.434341466395754,5858.772382183356,1235.1343556843535
39.029151627506856,1.0863263311409814,498.51872881078145,444.6078328321176
68.664768997592,7.282271306108871,5093.740829897743,1050.7612552813637
14.90695366744346,3.900760269316164,639.6447976798491,344.10755014024284
47.80149082964207,5.224484843768028,2718.8145051040406,739.2391504848222
12.074450088155185,5.156473445097549,830.7821689512708,378.5681731364293
40.99851779592586,3.9889408269760915,1513.2292856490842,609.4322193080632
68.08513882926289,9.834723866120886,6694.931630633167,1172.587581598673
33.91616726171784,9.215856884101258,3215.0692366103513,799.9545168222413
39.98625028067768,6.854480817704112,2813.6849236735975,742.5865436919823
53.95841312395302,4.29952724789924,2375.9653133794345,754.5604936344922
78.60759996526978,5.419994341177527,4120.102216489608,1057.0757167115742
86.32107578800867,2.509400334468383,2110.55277572557,988.6807746035059
84.64562262973496,6.658727341084568,5515.809971957232,1179.392593351578
86.9315877569193,1.5284424772769611,1315.7909827585268,945.7380014330411
19.71934270237272,6.582816169020663,1249.2956173403004,526.3342354747604
58.375887120256984,8.824518108978632,5169.289944154696,1024.9847766515015
65.85867159922972,1.560655005766772,1083.1410250546644,736.6194662806358
12.1451549446425,8.55013038320688,916.4508000236552,548.958068606769
95.37525646270406,1.6155344687669921,1590.153504490659,1034.5292880653901
78.86529436721129,6.184284829941294,4903.062482937939,1097.8671851691777
11.870639118127482,6.791469891155609,746.8405270379086,458.2798857390553
90.76830828430235,2.6398920905770473,2254.5002735120893,1039.677687371876
51.9447517777669,7.59813451008208,3832.8326218338143,899.354243281773
45.47351622528616,7.551211744818312,3407.4715651616234,832.2957494937772
39.562264530903875,3.2936949818467887,1158.6466290011224,560.3073944013782
54.94815141089079,4.201687134652129,2387.738751816316,759.5658708415144
17.130031093126853,9.407893243182452,1513.398417672343,641.6949730903912
95.38285371247979,8.710477569649415,8152.771162110319,1389.3524156072685
14.176635142728271,2.6777446446149735,481.82713146430876,275.6535836580314
50.609007647008475,5.990104774899795,2983.4851702402634,805.5953152150745
58.539907209110986,7.936082947683375,4830.414431407848,982.2032194752786
98.12455730316678,4.763152580989633,4646.6148719620105,1219.4032020811494
20.84695964931761,4.308863542853462,1029.063609741435,423.9127736358492
15.47322824442913,5.382499754192122,834.4168207421135,423.8572701538974
16.760873623547006,7.527788580199349,1127.613100793358,543.9981652454376
81.36871973188435,5.9324970059065825,4713.80249441397,1110.3120476141728
39.946306843983066,7.472856710599458,2989.007808306994,773.1059039698036
15.985449690927316,9.838201246340557,1578.6451880655077,651.764559226301
69.04233650379615,1.5916144858869488,1050.614716844252,770.0040893323089
36.22739640410241,9.38126632313717,3364.75043493565,831.3372801978826
51.31840543947969,2.341023579890657,1025.8841921732126,630.2352333893298
22.686312715741867,7.065225521858225,1577.8417074925492,580.12440325033
82.22164932153501,5.022985805577491,4171.608138062659,1073.3657834942246
93.23974787174211,5.377751833269206,4905.128965685123,1201.2850703808815
88.16439788606507,4.8096655625770985,4145.421662348981,1122.1272569895057
97.24060004034381,8.151031573566645,7851.193127523634,1379.9575790817703
66.02576827980624,7.723666576910619,5058.545537996057,1046.4410116435934
55.526617806254784,2.197702203726593,1229.7389626166148,665.1512882488776
57.123606316849724,7.8538777482629625,4637.840230617137,963.9299505816452
42.573556945468106,6.017386480114991,2567.2070577706786,726.6048934604306
39.43590267045595,4.334313410181284,1656.7820700367877,611.0746972136237
64.5368654157758,6.895171477125237,4567.630765678992,990.1272280140198
17.78657658164102,9.222008290450477,1610.288463982524,638.966180338934
19.488612022719174,8.44749468171895,1545.120787739424,617.2608543131392
60.6883696921884,7.918669058318887,4842.827815500654,1002.8171498378283
25.73012483365303,8.507662727159925,2175.3675598350783,682.6843846945267
45.83322541769718,7.3610647430394245,3296.623113804531,826.385491328943
45.51186095866521,4.350397292038851,2134.9518102409397,672.6384741885945
60.33729768765469,9.399292215251199,5717.787742094762,1073.337587639107
84.94147399442872,5.947819795291278,5001.970195687067,1146.805729708851
34.243404277049414,3.7738647910686574,1295.9178567722106,531.1272823239269
89.03077371180606,4.846908086144688,4367.830535795538,1132.653141425295
94.75916919015083,5.7803760176695285,5503.45182854701,1236.6104927849847
44.20355040417047,7.802389596662287,3357.535060758089,832.1549838748192
27.54117472583462,9.888591334991455,2585.688946427158,769.841314007919
79.19244219883572,2.8387744308754583,2340.621147331245,933.8631435321302
38.94690483088765,6.81765649254613,2503.3366574691913,730.3518729361829
44.89420068123915,4.647591097531376,2246.413934186586,681.3215616889603
37.99782764261713,7.749838122807003,2994.2820477924215,767.4701825665215
67.93249013628079,3.4559156206123074,2303.2933305225993,852.1206823934233
83.14371032747749,2.805263954171791,2417.697112877843,971.7003009833644
64.94421422978519,7.988140652264178,5121.6690908319915,1048.8491749110608
14.710291288881187,6.9761986159194995,958.5284438104435,495.9128436847868
64.97235493192682,3.205217103583275,2078.928389389041,809.9844044984319
61.59108556622487,2.192212905702894,1443.5973065621074,725.5215009473934
25.269088643567358,6.058841424059775,1466.2723942170799,555.6329576386623
40.279068109531366,3.1325554925727648,1475.2134180467513,559.4184557239519
64.04186009540106,8.6914670306512,5788.008161389747,1074.9919524865707
15.717230192123246,4.9761291952361155,805.7010792851612,405.9787616830383
47.228882333590676,5.084730138103604,2179.174174468412,726.525330241087
11.169215875309384,5.622751911866186,777.3342053397797,392.82975434640315
75.92969901114186,7.206254933473218,5452.63337604539,1119.6097367850796
58.62096916129724,8.129380453276873,4787.633962809982,992.678714276816
31.91475369099846,9.043729339481477,2943.596975608867,771.3340038840585
25.988726387681268,4.972457051415798,1242.3539524159255,508.5101164476026
22.05801442608596,5.214715903635659,1202.8819618075674,481.3159394426425
21.629680606624945,4.132735011079172,954.2318824101643,422.93355662020804
23.08845545893017,6.464431025600047,1443.718654923765,554.106105869304
53.91309311009327,7.342313076600526,4002.1148697966837,906.246584930959
32.38655193232174,5.812506919955672,1952.2358971248368,614.4908653210009
16.210900469156474,4.819354788763248,562.442063401727,403.07674412972716
56.98014324719545,7.519934821806916,4252.43401749066,945.7981735623002
52.88454929316302,2.382565930614565,1176.7356005896868,647.9737894623584
45.059903813501805,6.4877685089383235,2852.7221809298467,774.9874635819342
12.54450962413793,1.1918111807186693,213.99422828564207,185.03565527731274
22.345932128588686,2.0163028739330318,469.4018473347386,324.27446498253846
27.34769215479789,5.866109529928298,1803.9692874379564,566.7823980443939
92.28286020078005,8.094999519978668,7551.2310091547515,1327.5785780067338
89.62235505275007,8.6713093741749,7843.258612172172,1329.7890192362456
51.23072174092524,8.232605386182957,4262.18388018437,923.9374867184004
78.57653151269928,4.836419207269191,4024.2097677983033,1027.5862754904524
39.79593094761198,2.854761725655795,1119.519492102874,540.6973957589095
27.038647868466555,1.1056938306044914,356.5783285532956,325.67117021489014
56.155312154724804,3.2645426611761836,1819.7199166574055,724.7802546060573
87.65417072120755,4.698133876829668,3927.302462622427,1111.4484010535589
30.490427783972017,4.951116767694911,1308.391669142399,552.4601162244658
95.08648915017089,6.5936608880118825,6299.453031202334,1280.547935902303
18.71969511079783,7.300098375883235,1300.1119776291196,552.2018699021401
90.39763822051168,9.839809353904894,8918.187619455286,1395.9668499003615
17.550814168173773,7.052871137668359,1361.9047387470316,528.1516985651557
21.516351774927692,8.943191581769646,1987.9721427483942,662.3230968377593
57.4596484593993,3.8354878749638575,2244.74391430088,766.370878342186
27.993125928163728,1.0187728122555666,340.83882697139137,330.86989989441565
17.755473805428576,5.442270544209128,983.6321399858575,449.6682652647422
89.22015385518253,8.083130585739923,7319.939697613144,1296.3580678388214
87.57370262444341,2.2348509732724158,1947.0377975120352,987.4795749080549
78.02709060339427,1.6627962653414383,1264.649401687007,863.4107193010146
62.46101861439954,7.71417654102457,4981.412885310256,1010.3190131952239
59.240385010639486,8.822360526611057,5146.523899280763,1033.5218764369479
28.154308683241933,4.279128481030752,1023.8508505244669,495.49951088395693
12.292035573799964,9.349364393368749,1086.1436471104207,590.388575406437
87.99373966084451,3.9359610999152213,3494.921552191034,1076.7354516042062
25.511879567280126,7.293615186385434,2012.9377656332977,619.799554992073
14.946903942342637,3.0135431521151403,538.4792019607551,300.1461970291834
47.62590672095275,4.426324919601313,2069.74745501842,697.5753131895931
61.3027594073055,4.798461872673271,2872.781855098504,852.9506877067186
74.95885619642313,6.120939634001593,4489.895351354376,1055.635543664311
71.31301270722835,6.192696815858908,4471.139085711722,1022.764967865229
96.81508693970741,5.675056099563349,5545.743753274847,1251.9036743752415
66.83776743244883,9.764332239886075,6479.57533792284,1156.594286318792
83.7992013363024,2.544007261461856,2240.8723003776713,965.1923764361169
75.75990586933969,7.172491344096161,5622.638531150961,1116.223625898205
22.00673409259212,7.762329462669512,1779.745063830536,608.1838140593968
48.459300340327474,7.122872248369604,3453.543151310689,840.7366158217551
61.304851187003045,2.872588487978934,1614.1715462730342,756.6779362689772
83.52604369141936,9.515657618245857,7814.876534666697,1311.0433178264864
97.35215135048446,3.460929624707419,3588.900697724525,1146.5679947402155
47.45163514368845,7.343034865232417,3419.929319540416,841.6680946985053
92.01092439473913,1.798646853285648,1779.7980620426688,1010.0415866116738
92.15672438063137,6.81750878841689,6347.473413363886,1262.4426832271583
32.62318324318099,6.404316178452138,2229.5463711663897,646.4476413544168
62.43674652582463,1.4623469758782244,1120.8829816865182,697.4848140521576
48.603392206155974,9.363571522024133,4721.3073688931145,954.2124981627662
78.22022223749055,6.616995522617676,5397.140142707763,1113.0519985057892
74.12435489505457,2.7980254088730163,2008.7740662742467,881.1448193941965
46.135764006159945,4.429633971754391,2187.216583710912,682.839338649319
71.3949049355328,2.9005182736465565,2074.0184063104307,858.9749630376558
40.169396466632385,2.242455593739016,950.1139923378561,513.8167443532747
26.27541821159535,9.162934930811428,2261.0904510850655,720.9009286565249
31.491880106981487,4.5723011457874465,1538.0062046351538,543.5338583591872
97.31611228803047,7.9982389658144575,7814.402207642096,1373.0730711710276
50.087660659505154,6.506812403300883,3142.718491245562,826.2172267600956
23.767344576469192,8.353882227203535,1897.9766182792202,655.3675571248687
50.2572092285299,4.827962668446369,2522.6263360965486,743.9702257076175
10.9217942699486,7.035551962021851,807.9741086546146,460.99554080057857
73.39123767951796,2.048503391191367,1492.5578154868351,836.3375463547479
18.348029836302572,1.8048018337449985,304.85968217699394,273.7203900502757
99.18512641749865,7.002823326911143,6884.140164819207,1341.9924305205436
30.229267471516245,9.588839156629563,2672.193933261932,781.7346325466406
23.642354421433485,2.4907764753185115,831.2267799971355,360.9623679802604
40.88947998325337,1.060286693031809,361.65401090204665,461.90913448412414
18.057487089580697,4.928793375603414,703.7487116202676,427.01453967597763
51.25751735315234,9.455024132034737,4803.481429807531,985.3263801332603
35.185298593784665,8.155593380467723,2702.240417752465,759.6326549612329
46.37816213909855,9.866726640627308,4615.359924419557,957.1179534223509
21.3196558538771,8.765407173328313,1959.685790449301,651.4669172051867
58.65229996405426,5.114513728361427,2903.9317246400506,842.2486860586139
47.2022819965805,2.4383761335608387,1184.1876654805305,593.9416266438469
52.61529700089091,6.006111177228213,3225.016267869813,826.4585288703198
86.64593395043157,5.225314876885335,4509.108257953672,1127.7250833485825
92.12194741122005,3.583635042005128,3367.68712071068,1100.4012262124568
26.732786658654888,7.965123385680524,2075.237132191277,665.5840358705751
83.13766252511893,1.564200629424143,1327.9312154690917,909.5866567223965
69.06913896900924,7.801009275879123,5388.278065982092,1080.7418534840485
47.114344890224295,8.660647674215474,4156.033696674008,904.1758326130167
93.29832952376036,9.262082249631879,8739.472552192448,1396.0874077191977
16.92301898636483,6.927749271287028,1237.0490067706562,515.6176534279997
71.78513887762549,2.360620796574545,1714.8687546027131,835.8824286049821
84.22244285544974,1.6317458858204978,1354.1849391076903,923.8117228455224
40.53750528421753,8.429386190345832,3318.172496150779,826.8443623594669
75.22907514253008,7.2478018403578535,5329.974642455823,1114.6808434431935
31.518507737319858,2.6761394797684908,838.7587355496044,448.9920513616231
92.60813573883075,3.0839563767757765,2751.4919996895055,1080.2791762270963
72.21615803279464,4.322453124229954,2897.5289712288995,938.2842365394441
69.32234865494398,8.992290016582078,6274.678268437764,1142.8379873785436
30.11036965388859,2.5841820664916275,861.2006202384864,430.3127998634673
95.33170618911632,1.7449907551431116,1545.7297512666391,1040.5665996483187
36.00087862684651,4.623747808267919,1766.8392211537907,591.1961766818611
93.37520028016915,7.927484582980769,7454.783954836624,1330.12623195073
79.26476084130591,7.389785759481872,5756.460485484347,1162.1368963871528
54.455226697392455,6.606177021477924,3510.40658011548,874.8611180478207
46.238636440314345,7.724639965931317,3654.2324146310325,848.6183626997092
70.76649866912501,4.122850024158742,2822.523099121009,913.8074878991872
38.267246512695486,7.144481576077235,2833.6971243653325,739.8965439308165
96.85084567211136,6.870178158891235,6580.039190576313,1312.0173646656754
31.662286001319522,9.597284069748449,3073.598929036158,796.4870635006175
66.00804418621664,4.888331124420807,3387.828070545722,904.4969980832068
27.684948832985096,2.12351077372421,642.8711998752082,383.0250270160615
86.56022345409028,8.193249877040802,7064.39626724713,1275.2647283929427
18.192977342983255,4.422055974293373,817.8925575709086,403.0325721445012
87.08670839789137,7.201811923635188,6335.0863160412055,1230.9576801606731
95.99647228574403,7.244253477010057,6909.124470398682,1322.1773967079432
67.32692149229777,8.184898026732615,5411.200421462931,1082.5141162596085
36.170924485702734,3.7720346949012304,1316.4772544169296,550.3109796020888
16.413036881806864,3.922826760232398,565.3844065241879,360.2717068296886
76.41335803878863,1.693550661017317,1388.89742731305,848.8111134387522
84.31220964912433,2.114671691954117,1632.8006240542036,948.8556810889492
40.163433596704536,1.5448032357746142,628.5267511980309,478.8744977557761
60.34064392215615,4.6038868215868,2756.7674708061268,833.6007803009013
59.58141087628665,7.943832463389081,4674.334975840023,993.0057319323205
34.644524760198394,5.41856942856214,1855.9129267676708,617.3737190300909
15.146446667507,5.834566902867937,728.8507741952723,443.1928118184669
31.116847509864854,5.783898367223557,1695.4979194651355,600.3633934598264
79.57866032904631,9.403552677912815,7501.040915531548,1265.964237186104
89.4790398132998,1.4550418382513166,1240.5134815373547,967.5424900455639
93.6433279826076,5.844190777058006,5500.430227094991,1228.6428186789763
64.84192026801603,3.725222646742483,2433.580756577201,834.6803350172844
18.48355466782177,3.892004845205825,769.9236366267162,379.43578893850895
94.89676060406013,1.008892765577674,1012.2455189718829,999.412244319485
55.22357509417496,1.487285223277794,625.5868474755894,626.6000121056393
82.9489491622477,4.9280800046418864,3975.468609135678,1075.8934918545715
21.393802458323755,3.2398569132383153,876.2387215014368,375.9308702451533
92.4062161702742,9.72192459957798,9043.278362585916,1410.1583916816412
96.77441784636612,3.4205058064866285,3244.803630606385,1138.7694687879925
19.876100071066176,4.562332959798733,830.8657562214642,426.87764870059846
65.46938630876133,6.794991329674428,4412.084209300439,994.4434295713347
64.82937420130884,9.03267016731144,5971.503967470266,1099.9272503786603
10.386260442584948,4.829938873970381,660.0251338124593,345.35954812436853
64.89095370367684,5.908954884591902,3770.4991461805903,944.3572812663635
14.829661430432317,2.0602768131153937,357.8188457320195,251.31045496009284
14.499381352961706,2.293810244646232,423.5273592464689,259.6843257619286
74.3394001524393,3.787687646707925,2771.1982013391835,932.7783838597893
56.336084116221414,2.767615365528057,1529.501146496081,701.7416094386169
57.10127876036367,2.900492233876708,1719.485205983641,716.0373992974721
64.73610101410146,4.504737994124503,2850.8398692620435,872.5979098472397
81.02934016751321,3.606814610667695,3064.0888958183086,990.6341322085168
78.35132396736302,8.897680448072158,6962.933305606786,1228.3972620772379
92.1238396694874,3.2844981573662566,3212.619020545583,1085.4633045631867
65.85018850540838,2.0549173805767453,1405.3015341348614,761.2477540829211
19.199812828823923,8.246629249349333,1537.883894590803,604.3295907557059
54.44399046284227,5.366608354478802,3017.6701988173922,812.7703223523628
91.07657384081303,6.777530900512422,6218.867740668247,1249.6422834337513
92.09687844170381,6.736369669562747,6234.480768635902,1257.7872678951755
15.866532835643108,1.1832853482820838,279.28229427782935,217.82959577053526
82.82337919986244,2.9962045699070536,2362.429574229267,978.0440204939771
18.10703851024087,2.157904296306805,307.9976764977873,288.96559991774893
72.0548712655261,5.8371096380238034,3966.4617768982675,1012.4041945564512
74.23473840585083,1.7016177494821552,1327.6010580144198,827.4282715326161
24.629240856223632,5.582773467740074,1571.885183483694,525.43108194924
62.26225485738853,1.3718563174125582,816.6208906335635,691.2153644445132
14.04126198062157,7.481852863512553,896.3033577272815,514.5052629818433
99.73663926526699,2.861528919220265,2908.703703173165,1140.442838613683
43.599583394582986,7.60476847020636,3257.3412999351217,816.2342574561478
64.9773744832548,7.6599990678138425,4927.813193944691,1032.7736982232402
88.69349942076713,2.127906418498873,1914.9682701602133,993.3303151326149
65.00802191870008,2.7244985554441166,1660.3808501120366,786.3051469592067
47.95128374102843,7.331269688435871,3551.312498594839,846.0763218320778
85.61155668944772,4.9422542380447405,4292.299371718447,1103.2282787967142
50.456275581806885,7.4301722446963225,3938.5064067189983,876.071368052885
47.12760359271322,7.947316790732829,3687.1674582480646,868.6418754637737
36.929524293913786,6.756007356515075,2383.4419895624496,707.0956107648917
90.11430577491318,7.307721750796367,6593.281011183313,1266.52914528895
48.762924039716125,5.958565385243186,2828.27393918512,785.5575096593204
34.80539560627487,8.557157206460824,2983.091623098963,775.9118163857898
14.49624300426186,6.364649396397346,919.5538544991564,463.1948998624859
60.20045210872818,6.6860883106082785,3999.9255933659083,936.3089366176956
35.709376495641635,7.798769603114717,2909.853392277164,747.0322451121523
48.60195304691108,6.244266791869375,3075.0834576456355,798.2328700625795
12.265870599034434,9.379138804539807,1109.4840675434102,591.6156462173346
86.53534752660318,4.388758432121048,3828.05244880696,1084.791396872084
60.92851062488045,6.150838847160917,3678.6697723970246,916.8270486068503
25.35132401269725,1.822798536823187,506.4676079105203,344.6531669681319
81.80004570471176,9.049592368639361,7305.4931271668,1270.4800754790856
52.27544875622542,3.5371384046804053,1825.1219975411973,699.6114077962744
99.2628352748035,5.55732996673832,5618.970956073558,1270.494851084951
12.253856956670546,7.94779082976702,929.0218444838256,519.9281110550564
39.073560341911545,4.674371933688132,1883.40757511878,624.4542001035221
73.30796261946455,4.924501466972512,3650.2533555455057,979.3046995432711
11.266256414753421,3.909688433435344,331.00291118090547,308.1469858193014
76.10326094377916,9.219901907801678,7045.950587928155,1222.0277048278754
13.253612389019922,5.414853419466108,725.2645339657594,403.27879486350463
83.31462337958986,9.95410008502679,8135.142544927358,1330.8512380472382
99.76940021594378,6.832138085344333,6771.810613186999,1339.3009064266544
33.17132525677519,1.369901993100224,468.46850862943563,400.2083522227631
22.660719820482495,4.8629517283755,942.3786433286805,469.75478462359996
73.90489468789866,5.789893732809334,4258.822753437097,1028.5436335194531
89.84092162733309,1.5674262904772465,1633.732298564641,976.7805307971933
28.59948956061438,8.98306212755427,2307.5104613760245,735.1480019838573
70.46184206160457,6.568835233435308,4627.271337042286,1033.0601822878111
71.20076120485683,1.5049771573111865,912.7152150537805,787.2564699141276
82.2300157838888,4.34386925553886,3555.6467998992075,1039.493620615831
23.631529677572345,9.110899513530331,2419.46812142262,691.86027245224
81.1148709123427,2.5188028580565924,2080.0007454735432,937.0888520262565
28.695096585596104,1.0134710882070448,186.76522616535144,337.6245202663133
26.453054924407084,6.362517517151938,1809.1150961180576,582.6564251016678
78.05335323340418,9.078022035126297,7107.005336692382,1234.4346340903567
61.44677010980347,3.530908933616863,2194.3228964499353,791.0131477788777
27.311968352173217,1.4102287221155265,489.03321506749205,343.6311196275085
73.39031080252008,4.590899053257457,3370.342621613245,963.4480606880737
32.468825771056316,2.3588924230945816,679.0847529271992,442.63287886529224
83.56710868575577,4.961450104804754,4188.06552111039,1083.7435920977955
83.13955993748091,3.177237500906538,2619.9374165584863,990.257474420136
14.015048971508323,9.333730173005522,1313.0889176087187,606.8369983653592
66.22076235347724,3.4367702176443,2278.2563122994707,834.0461344169875
75.93285308893446,2.069930619081367,1789.846050533021,862.825061843413
92.90518957319392,9.5790156754201,8833.89396897812,1408.0026795029444
28.545809069525994,1.2960397238552759,299.89115788280566,350.2600768880237
42.975132985482176,9.602215037869072,4247.036658483669,909.8620817482754
85.02919525719598,4.223339906809635,3561.860243394567,1061.4589479124415
74.00145137924646,9.60608675293846,7132.498791438599,1220.3188514393876
62.935079808463385,1.9667638880162404,1230.122387939594,727.6889924854459
69.97679311433902,4.816744507644496,3331.7546453956743,940.6051565256149
74.74975331516436,2.2435103219188934,1811.2730937557592,859.6730492475882
83.9302312306522,9.545957892404822,7955.872076069042,1316.6002069267631
30.433536577870463,4.189130127610227,1200.4371524811834,513.7918721592159
64.41468596955444,6.467551793722013,4267.380346250941,967.524449381645
58.96655677336627,4.390113946322376,2626.934497353246,809.1712650497816
70.37135949207264,5.1941285871875715,3749.79193705682,963.420024280105
90.32701674947552,4.983848109723327,4574.581300736342,1152.4625729809215
19.33176190841226,2.760141983373199,448.1422830501805,331.3247182527826
32.64834011878017,3.951798226031796,1146.4581280285036,524.0733124893915
68.56093126292215,4.230392447042849,2892.3196695625793,897.128934981364
78.25320204126645,7.267949490585662,5777.854806139049,1145.9294949419475
51.54289009172698,4.283877825152489,2148.866383953308,729.6227921748942
22.004963791745755,5.53683532637001,1031.7825723137903,496.891404235958
68.27087482813191,7.312474471524228,5007.287535449252,1048.3324718575304
45.47628885957306,2.740894988027877,1253.1821011173452,591.8076379971244
42.15110174206929,9.492735500682517,3988.263912706968,896.1477924548187
81.33716924828238,3.11756310721497,2466.843358787401,969.2498478435723
86.26939790510724,8.690911140801619,7422.01196018151,1297.2395360911535
92.49019134943177,2.979402381147848,2598.3144862234954,1073.87203255171
61.99538570269719,1.5972118415868177,1121.3513123798577,699.8144491063128
58.49339691590131,5.804205216205617,3470.204909324179,875.144229969294
93.08531261885291,1.6779289895162393,1752.002636163547,1014.7495756643411
43.98546567505131,7.422170557970388,3201.7935303387276,810.9631846490324
28.49207768682866,8.720352227861486,2495.3817396877707,720.938388261361
16.670857013496203,8.164153147638128,1374.8446007031353,574.9162275168685
10.532076128038382,4.399643415389055,484.1480422514556,325.30293204983656
92.77154099523729,4.4513939366738455,4135.578960188174,1150.2851067860652
20.39213321753107,1.138945147465245,131.24659583935824,260.86858954857297
57.94447221581624,6.266937234712776,3387.7921583440384,892.7915838938011
74.3174033855245,5.755281628096117,4100.639101467485,1030.9381152600508
47.935480905419915,3.479681827242861,1654.271157581494,653.3389004163422
21.118391531310188,5.631633268222091,931.1563302487682,492.7655787242064
75.12395315060071,1.634117603823773,1160.8202802755814,832.9454116971958
63.08860884810503,1.3010981866142175,994.4124671609684,695.9409978117611
15.166352827895402,4.753927611425488,711.7048925491891,389.35990885022846
81.99988486477058,9.756619631828404,7895.15864957216,1307.829830239126
60.74749227534896,3.656902957256179,2478.9077758697604,790.3200706162986
18.774894126494672,9.570569306853791,1922.0026557488554,666.2774066076363
19.006905286517018,5.305002959350258,879.6850783869957,455.319200832683
50.61316065599052,5.5074869512312254,2798.4639395335785,781.5059541214664
90.40885964691107,5.977795977762448,5475.595095919466,1202.9783953572332
74.04033537581506,5.426375686745775,3935.901404342141,1011.7221380954393
92.7727828413029,4.361095989470977,3937.866160172844,1145.7826278865778
98.37351373810618,7.496189978847937,7563.548308959826,1358.5446363234587
92.32048705298851,3.5177713881752015,3003.7347732026274,1099.0934399386451
35.9274766119169,4.743407435979214,1661.0602753569742,596.4451379181297
45.69437753420967,3.177272215439307,1539.4491001917013,615.8073861140621
65.00716274796325,5.776646231743436,3717.116197118586,938.9039390668042
52.95933472527473,7.816319905239618,4215.911792061079,920.4093425147282
34.02398593968743,1.4483864950053993,340.87873061393685,412.6591841471443
64.29743003611671,6.458547061400649,4186.3487856735865,965.9016534311996
10.235749062489347,4.611940229337001,378.6707751283456,332.9545020917435
76.46272660591694,1.447841664633982,1323.9326496640938,837.0193492908685
99.1859615616875,6.151569092213639,6036.937662202247,1299.4380702275569
30.170585277569693,1.6162078369813,526.8432671183358,382.51624462476195
16.034778870429484,8.281224468489654,1356.980099098683,574.4090121287776
76.23856438325745,1.3304743675518678,997.7287507272968,828.9093622101678
82.56062300905012,8.399875966059145,6884.157098275256,1245.6000283934584
79.32071759041277,4.840722377172546,3803.0395757118204,1035.2432947627549
81.29591897743718,2.4418165646164374,1956.102690032378,935.0500180051937
85.8010560162577,4.593596997002736,4123.805514454013,1087.6904100127138
22.621429720368198,6.110413629210601,1415.123401729351,531.734978664212
17.920599015233044,5.29411837584095,906.7406591786522,443.9119089443779
69.54372758261457,4.868181616707693,3393.2441904688962,938.8463566615303
24.743908837257035,7.842662643445862,1974.8367883992166,639.5722205448634
92.83909453738188,1.9099717443541833,1761.6907602408971,1023.889532591528
60.74564611837359,3.890439254287485,2530.731392038523,801.9784238981101
71.06652156267806,9.519692217081035,6811.874209544006,1186.6498264808324
28.048748064114974,5.918643504899694,1566.449617215328,576.4196558861345
20.37411105705432,6.653705820920647,1104.9954495437207,536.4264016165756
13.65060681656069,1.6238797858114147,370.48299997114333,217.70005745617766
59.39269443114956,6.248112465747958,3602.6847403748557,906.3325675988935
10.025001899793017,3.0907871206768203,418.71316550084134,254.7893750317712
24.260339102975315,6.509821368043538,1657.2679177444581,568.0944594319301
40.664392459243444,6.3620638240724565,2411.302872217432,724.7471157960572
77.76634425005447,3.313765432543574,2589.1923119657345,943.3517141277234
77.67005861062424,8.956782122627272,6929.838408803908,1224.539692237606
21.36296743022708,9.905942146307185,2195.361034302806,708.92678161763
91.94117674215694,3.6406349101176705,3320.23072804603,1101.443512927453
71.74340701330055,8.804676067068064,6153.524242302604,1157.6678734864088
88.81727602261711,5.056845569302668,4603.262114520148,1141.0150386913047
68.08742405878581,3.9267237717905297,2671.8534489241374,877.2104291773846
88.02112770784619,8.922783246302068,7638.043713241854,1326.3504393935655
71.17321946984075,4.386714902478425,3045.2124221614913,931.0679398223288
93.82016046703002,6.685835705894055,6260.490966127412,1272.493389965003
32.39422985111083,9.107595817209178,3005.7047890237873,779.3220893715672
13.574134142157096,1.5188842443749526,189.45892176552604,211.6855536403186
72.42284559873232,4.027849721914789,3058.0784961787135,925.6209420830626
71.91439726156835,1.1758162550026015,657.842050804858,777.9347853658136
64.81048745724075,5.6362207410157,3618.6503701377756,929.9159116231925
61.56880717206377,4.233644168259105,2538.8482922358653,827.3702801335929
27.30991636517323,9.498733979392588,2501.4414435261046,748.0358626213617
45.879234261889316,7.330331497711395,3366.9514993550947,825.308917504463
30.880941519063022,6.038567793638124,1904.6054425832344,610.7378048725365
12.527341276256383,7.257358850896661,831.2842094324617,488.1413553073969
39.335440061207905,4.095384949731788,1461.4529936609224,598.1236480986685
80.09131691095492,3.9333334725066553,3114.897655757668,997.5798427348819
28.315441975103376,1.0732988292975025,284.19789958652206,336.8193612159089
28.15338485684688,3.31887951901121,897.1457270483816,447.47782451902935
66.60935258756503,7.861886970820443,5291.489434416332,1059.1878744166725
45.47107885526568,8.300370711839804,3740.8754022218104,869.7293241446471
62.439193400610726,7.71872039278446,4773.013533371852,1010.3279536453304
45.57027065698161,2.050257233239718,1129.126599470985,558.2155682318021
28.69749820117603,7.835403848912123,2211.923956588819,678.7451744573664
81.586519460767,6.153834945876889,5038.729117339096,1123.5569419015144
14.300806872991634,1.7757379129122604,205.81004391092296,231.79496437552933
38.855581580899894,3.639028335554665,1513.4128507063638,570.5072325867321
49.98363530767939,4.196471547287714,2180.103062732448,709.6599304411797
72.1824484848668,6.854404634410813,4816.263945733783,1064.5447165692087
33.101662192193245,2.3975250528069867,873.1040970587717,450.8928745622818
12.325244647106857,3.294299390596028,269.2173357911553,287.96741600086995
83.2012010250592,9.594289823437594,7993.14875197951,1311.7265014224718
82.87143730771446,4.935294412716719,4132.3424231001645,1075.4790937129806
42.1993887070806,9.408002628487893,3911.270879614985,892.3940184952006
73.43740985729394,6.009255015518344,4387.810259036794,1034.8368493488567
66.45971960679539,4.568948959605257,3118.3365876313987,893.0446440482167
56.079143373823506,3.714363934332509,2179.030579616677,746.5096304548605
90.36617224529552,9.901716749401707,9005.576112000232,1398.7475599230404
37.78403606162164,4.2860299056722795,1631.2054336179758,592.1418558998304
89.24276378973613,8.963968289104347,8099.52346035681,1340.6260523525789
81.57177580240568,4.3667969913041915,3564.451749071123,1034.0576075892664
48.87151667280639,5.223897919271016,2513.8157265759028,749.9100626916147
78.95921831341514,8.58227288359785,6785.553335076635,1218.705827314044
32.46078327597422,6.493270166572322,2063.405895381519,649.2713410883583
12.829366920849893,6.717764069472749,725.056632262693,464.1818726821364
67.51053387370253,5.55792826787523,3933.7799274383724,953.0017521307867
98.43579506519549,6.023061226873774,5890.630809943318,1285.5110119956435
57.38602090003186,6.892271284811736,4099.593526715507,918.4737732409053
77.95249472377233,6.393179384748126,5021.33705245399,1099.1839164751295
79.41882211969188,9.917943681238787,7863.679740405598,1290.0854052588581
84.95338116907753,3.365640538686012,2868.9268947442347,1017.8158386250759
86.68739149956947,7.799215894568851,6856.915715617945,1256.8347097241374
78.12431560008733,8.283794323373069,6450.688976265175,1195.4328721695267
70.46654312041804,2.160174179270685,1636.8329936704188,812.6741401677147
62.57399916680521,5.0801225877406075,3210.130092709485,879.7461210550824
54.645703092532116,1.922085096640648,1165.6105255787036,642.5612857573536
29.96690131071109,9.180982217021194,2846.6776113273136,758.7181239581706
62.71340564309606,9.240732923175674,5788.789975718115,1089.1707025897445
92.07015617629335,6.493524627633238,6169.602279493597,1245.3777931445954
69.92062152990741,5.321334068203192,3691.9659465503014,965.2729187092336
94.07353092359416,5.208004029081286,4962.6565194565055,1201.135510690006
50.70791467624779,5.751652294260438,2977.3677654233893,794.6617614754998
55.93419402441379,4.783563625821027,2766.2952407637326,798.5201215351892
22.3738364793615,9.083348062671714,1992.4093739345117,677.9057679272007
79.11025194995405,3.0883882371525213,2351.3244994642746,945.5219313571665
61.7159779978216,8.256702148291348,5141.81317119247,1029.9948873927833
32.61056707678304,1.6159421130530478,636.9181696927317,406.9027764204828
16.439539639787213,1.0101170172547045,200.54810885994706,214.90124726060736
78.91072687554731,6.079377447523968,4784.288444351485,1093.0761411316714
63.814876690041324,1.9027487630550173,1193.494603649492,733.286205053164
50.74257769525755,4.416569603700687,2345.7830008802466,728.2542571376098
64.00828384454977,8.86133433055505,5664.239778881261,1083.1495549732501
22.32059092457047,8.324826816069486,1690.4241716080383,639.447250049179
48.47251058061178,2.4429653885903586,1286.7669796893892,606.8733752356358
20.34941799691751,9.120581565256098,1654.3515650195914,659.52325823198
34.157909935096,6.855562709306185,2405.009502777234,684.3572348162693
12.941595729123904,1.9055885184680863,183.88297395475516,224.69538321464336
49.36173892666732,5.706033045791309,2751.5417847474832,778.9190415562387
74.4436176633466,9.48318254316227,7052.357845778173,1218.5953037915795
62.77740262195912,1.513475471380721,947.3741367856394,703.4477997886272
74.93613706352572,3.6109680692580746,2629.1259777836535,929.9097740981609
42.700297238913805,1.2561706249142248,652.4623855728021,489.81150363484926
38.74303116778289,1.877528214968465,754.3601932091374,481.3067224262521
20.556857116111964,1.9047234832983575,305.61484641948635,300.8047453260375
81.10598480818983,9.170269038262129,7479.137634400778,1269.5732999950046
86.85295199470089,5.3546140725438836,4668.907982162405,1136.260223574203
87.45211220896726,6.741101528423487,5916.978304391436,1211.576198510847
27.546944939307142,8.994012360455562,2479.7035119689035,725.1700674158495
59.68047065050792,7.258862145946281,4390.792390434359,959.7478138023934
13.891835499077473,5.187821744773006,585.2482024663809,398.30944222942503
91.1880034641017,2.158944940329461,1908.9324043523163,1019.82728165749
24.8650796736596,2.5095746596406268,770.8711164209205,374.1295297186274
75.19145384546604,2.0642710874919272,1630.4465953208091,855.1280928292567
48.15715528253595,7.274689382751638,3403.0738851633882,845.3060219629414
60.83501988676486,4.789844182440014,3047.6921499572827,847.8424079896492
53.12831200530493,4.791496964480682,2699.2710471162272,770.8579682770834
42.43521702435429,1.1752614037261653,377.8627593708107,483.11524042985116
53.04899687010307,5.095772360588703,2673.758831541916,785.2785867304658
86.28434940462108,2.9165626878597926,2447.6441794589023,1008.6716284392004
47.85964486611559,8.661795481910877,4101.646353041682,911.6862227566997
67.74482955152837,7.679614957906599,5272.965136352092,1061.4290434106138
91.49789709798775,1.6518196957297266,1557.3694074446576,997.5699557663638
33.13657644001768,7.50012994885016,2530.2662533718685,706.3722618426848
66.52519824575205,8.438489020695037,5742.846680748488,1087.1764334922725
90.59898762116897,5.731372423425613,5346.12697915259,1192.5584973829702
95.9076735256851,3.545492704559348,3597.806253431015,1136.3513704848183
12.471645542128744,4.518893642488454,616.2831672832966,350.6611375457101
92.97514283775445,1.7431612632327549,1544.6559830346416,1016.9094915391822
97.04388434422125,3.5415206004081274,3504.6516104134585,1147.5148734626189
92.14622949460299,9.817371186712116,9286.859061158639,1412.3308542816358
80.4112135069963,8.295012270894238,6634.266432976553,1218.862748614675
30.74007025971216,4.559643860598173,1414.7461960860446,535.3828956270302
47.598870033069495,4.807052049656801,2319.204088716011,716.3413028135349
38.154808314670944,3.6294202056841063,1392.1972715465283,563.0190934309148
96.70813746415168,1.168276754099529,988.4860260769716,1025.4952123464932
62.5872065283165,5.792829000930364,3495.479431497159,915.5135153296831
48.62015256905178,7.734402643146417,3752.612202714545,872.9216578478386
34.28557156606229,1.1629353216192955,298.7905353242637,401.00248174158764
69.74845036633687,3.541492883829636,2205.7439490179386,874.5591478548505
77.10028956147897,5.813392738385219,4383.62776394174,1061.6725325340506
43.351831789524574,1.2451275098192385,421.044956208842,495.7746933862077
81.60102601516392,9.09347633097245,7609.251455854452,1270.6840767002618
44.91358709425991,7.514392251164606,3354.40748382849,824.8554835008295
31.81826795062245,4.8703217271218175,1469.7410372102458,561.6987658623154
36.16164422138128,7.8713853919814305,3134.353221632526,755.1857118128844
65.66267159661933,7.795504844979354,5020.471117773335,1046.401958215161
65.9654645635768,4.733340989595324,3119.830182934013,896.3216951155343
76.23668488815476,8.143329012208014,6295.155867320691,1169.5332994919481
95.40166589834062,5.117431263336448,4795.088574325385,1209.8882221502286
27.33089764686706,1.961209101819835,488.6994092261158,371.36943155966236
82.92955947883827,6.810613965669444,5668.6935425274805,1169.826293071855
50.50827148639964,1.1667562373429763,771.5704244730493,563.4205267311452
78.67422875696757,2.035276270616366,1574.9451340687103,888.5061011004939
74.53180470853198,4.277403253121915,3040.7440305237114,959.1882097414156
96.42401474448283,6.129256523096374,6095.22678263087,1270.702973599647
84.45180496382264,4.259213547204641,3637.692780890892,1057.4787269984583
17.212473842970265,3.1746638116292054,536.0471506835863,330.8579290111629
58.554209953712295,7.38643028862018,4164.73314522759,954.863613968132
65.87983158938445,4.620354267493642,3086.935716052973,889.8160292685266
52.02549944776889,6.802165115297101,3526.046605515396,860.3632502425439
47.541855210546295,8.477632138697594,3892.030845384102,899.3001590403426
14.392756685957629,5.656645560772558,587.7676888763338,426.7598448982042
72.06859935336516,4.5401339202936075,3149.802194908305,947.6926895483319
28.178009324979563,8.667882649053375,2489.6007467567088,715.1742257024644
64.75855161585272,2.048126273564311,1372.698135455761,749.9918298367427
12.270376717990946,1.1659216041513387,198.9185766305813,180.9998473874764
63.11841675073092,1.4173612986634363,787.0804053775156,702.052232440481
62.099215489179926,5.611013067767915,3644.0891127105547,901.542808280195
33.05856528346634,5.407896613973122,1788.0322795108857,600.9804835333196
56.008791780595274,8.042888114142535,4512.006833328481,962.2323235130796
87.09378096979773,7.309504477244014,6377.171354383457,1236.413033560178
23.836487106679478,3.1746568071253742,724.5523485489546,397.0977114230635
93.16325998143532,7.52597051706757,6848.625258575075,1307.9311256677317
37.46630182442516,5.2298713582152985,1986.1444141520442,636.1565861550165
60.839932711966945,8.639180795197293,5121.299037010814,1040.358366879534
80.77679899878194,3.0144731636814974,2509.4910630613285,958.4916481718943
23.81394256730397,7.598035166407063,1827.586592579584,618.0411839933929
68.4779066199112,5.271421843375126,3595.7711293594475,948.3501583678683
18.747453270813544,1.466959768840678,125.10336480715691,260.82252115016934
11.036383555132558,5.527412326654669,567.9152054779698,386.734451884059
66.77792545684369,5.087856945560204,3339.9400089828955,922.1721018464472
23.358553517639624,7.3882139731575815,1816.2092604465697,602.9962338342752
31.632691833692004,1.7721930236459824,515.5881135716263,404.9365695192191
88.73367426789252,9.37862864052419,8376.485931560219,1356.2681747051347
36.684671534833726,9.320400598479445,3285.92259401287,832.8667452723096
11.039059755666297,1.8169899924189947,202.04900096232453,201.2400971776127
67.76866424104641,1.178760365206541,794.3187438145031,736.6246606707911
42.44284514823575,6.697781283343534,2640.722074445954,759.3175156495341
16.5838122254613,9.555571952637619,1696.9729557022804,643.6167198864939
83.77174783976534,9.392525792090561,7888.404217663069,1307.3437680021814
81.1265996995541,7.097014664192426,5827.010217166112,1166.1167302051624
84.72298183275453,6.054085363249732,5047.623944761887,1149.9340864900319
66.24543483659302,5.83578864846855,3820.4862102354577,954.2437807893577
91.72161752745355,1.2900041404895175,1191.708365924251,981.7163822990113
65.7152091189541,4.742542044438691,3174.1714844924177,894.2791934114757
64.43393574293984,7.221154467674093,4763.174873060662,1005.397080813103
82.71816170097594,2.5904130821631703,2011.6235674740374,956.7022711179179
33.50974207110359,9.910526863077214,3381.3512466390803,830.6237638648965
49.779033405402814,6.704844977549576,3384.1402662252326,833.0325829315069
18.80702675910957,8.005693683043729,1269.8787458998013,588.3549517432822
88.52396954453529,7.648293517190157,6698.336225600493,1267.654371304861
70.08269218705587,4.374725203079073,2935.852128003234,919.5631820245123
99.22311070891693,4.04861497995314,3962.548167271279,1194.6618560868264
60.417757074389314,7.032124061583799,4183.830946950341,955.783773823083
45.73974732432899,5.214308599436874,2301.35069561447,718.1129032151335
17.604047950417982,3.873205843347551,878.7689061861809,369.7007716715574
19.105412019367073,1.5942267097960188,133.6713600109226,270.76545568347166
38.59358310507103,3.9136616007331684,1382.0786420758009,581.6189110873687
71.81285832438533,8.47190507882318,6103.669131005142,1141.7238371850124
18.145261490240014,1.0475129265290137,236.59676680802227,233.8282612288508
65.85546653596495,6.989611088056503,4620.573187151893,1008.0352197624746
13.408621693999505,4.050030264908676,544.5084229869169,336.5877301854289
59.145041949755175,2.7217069853663527,1570.2472813772079,727.5357687658693
29.525133415899553,7.094573436271512,2075.399044680118,649.9800059725712
76.9960456693375,7.339060596094426,5741.048162017247,1136.9134864980965
57.291580468181266,5.454639850655582,3271.624742823902,845.6477972145917
66.53801448627246,1.026696974224361,837.7869008354917,716.7149935739427
74.24437187483208,7.814413874426427,6024.759237558102,1133.1644124696422
68.38726769835453,1.0418202216436716,735.6605854732844,735.963688065729
29.746735538586773,9.986815897468603,2975.143574290129,796.8081502592979
92.14304521831379,4.453194584341641,4127.062883896678,1144.09018140022
61.766266301957174,6.043259652613861,3762.5395322942254,919.8256456502647
73.36490781824362,1.9484307152300744,1416.088000527422,831.07061394394
19.7191840481144,6.689125377649703,1253.1448007276483,531.6481093636291
84.26798856154667,2.240575681621475,2002.6704266227323,954.7086696965405
42.547377603323234,5.983987444908368,2467.3104448901818,724.6731482786506
50.22963238493753,4.964485308914755,2537.098465828982,750.520589295113
13.995476471365187,7.560359615571315,1327.2388336204917,517.9727454922177
88.19555617605737,1.8445563121665378,1662.6692064190063,974.1833773689006
26.380959984878587,9.385774139113577,2474.5322896620146,733.0983068044648
10.998420434456692,9.7646902241448,1248.0937497495363,598.2187155518069
76.52467399822872,6.1706727365986165,4733.208884683738,1073.780376812218
98.01697826042756,6.385893609850197,6282.246070710739,1299.4644630967855
58.27634219024794,8.020748417302471,4619.053344144386,983.800842767603
79.7283773263894,5.396884080198291,4209.638430472911,1067.1279772738085
61.10960664710294,7.88004868606105,4664.10930130734,1005.098500774082
24.324229927264142,9.107284193646775,2259.469682368567,698.6065089549802
27.697189272649194,5.5889487340608,1581.382918031224,556.4193294295319
47.394106241425156,9.09472950727696,4340.741272080051,928.6775377780996
79.89621760263417,4.438136816398108,3342.9614384827564,1020.8690168462471
92.90796702284199,3.6895529502882076,3478.199050380029,1113.5573177428303
87.75552730403524,3.2289027859846557,2822.858131739657,1039.0004123395852
39.76517286741368,2.2716070382182325,843.4596798107118,511.23208058504844
87.35614267350996,9.96154415373803,8610.022734236805,1371.6386344220014
20.970523656318214,4.744724118124957,859.7331331458477,446.94144246942994
69.08830409806079,2.856557993491556,2200.754413639081,833.7109406551858
22.616974958807653,9.804769030562612,2233.3750971132995,716.4082011162071
33.68857151202986,8.314980596470395,2674.5577610914365,752.6347449438183
34.70359689486127,6.777831965496811,2229.738816620339,685.9275672234533
24.455509477915896,5.591875497120861,1524.0121232786305,524.148869635202
59.15417839897153,9.96895612276799,5761.027466851447,1089.9895901281147
57.55300138135366,6.246173275434562,3605.791509065548,887.8386775852647
60.549233345210666,1.432711403442945,971.465557589903,677.1279036242539
78.79856448699566,9.296900601006904,7467.465155904298,1252.8306749203016
39.38648815294211,7.666768834374228,2989.6187076296605,777.2033232481324
80.89834394447365,3.6056026903622875,2893.6488041715484,989.2635739628508
37.34923648278675,4.112394305088468,1378.4034707027631,579.112080082291
19.684028871224022,3.6225110124147304,678.6398584121721,377.96583933297677
43.688475806334225,7.297739534485289,3247.4382862039993,801.7717347876066
31.381919846023035,2.946801667686593,919.7636832709118,461.1592818445599
47.40901326681298,9.570893966360721,4598.246514108148,952.6348309861658
53.72444540550456,9.044426496677215,4725.4083804136135,989.4657788889062
60.28063331444655,7.682480423310572,4619.297750249548,986.9303543099941
63.86012357493264,5.687473020655893,3687.576589036949,922.9748867821211
22.929802670661573,5.145881270178098,1087.8485297159073,486.59209021552056
34.677868838370664,8.5447609684778,2776.1209908771198,774.0167368075968
26.90724691708182,8.40836338791286,2199.4873471951432,689.4906385664613
55.45280286134229,3.0788154314874423,1869.098123095991,708.4688001877951
54.81475539137827,9.318493248133748,5112.567224966402,1014.0722163204701
15.46986629836543,6.169386259056639,1054.2670712728789,463.16797593648624
28.42482275808422,8.976515139597549,2488.547660046923,733.0739845607196
42.888537612791794,1.383690095904695,660.5239729034679,498.06988092315265
22.701602841552273,4.706412020329466,970.4873454632665,462.336629431996
25.65457614069199,7.277806933487989,1906.5039873883225,620.4361080813193
82.63290035270349,9.781359926588426,7897.1204586471595,1315.396999856456
34.69450266992845,9.244259706486812,3175.313841036534,809.158012023625
13.309211365134011,6.525536502820094,997.8157652803709,459.3689387923448
28.01028256692563,1.1580607077685041,420.6501219205835,338.0058610576815
85.90445392405051,2.148046747584698,1937.0039873183218,966.44687661974
89.84810955814953,1.9678485118322786,1733.9378487312965,996.8735211731092
40.355064663100976,9.986469829010344,4103.768845019724,902.874138081527
53.31112196955682,5.057113353378237,2868.65351665567,785.9668873644802
43.89391144533761,7.21898390255856,3266.197647726515,799.888309581304
67.93739305013065,5.141191821040319,3373.7104031130257,936.4335215533225
74.15375750570931,6.287527014885198,4606.750434909695,1055.9139258013531
34.612324602716875,4.211585440291978,1342.5500688284533,556.7025180417677
28.494464558000534,3.06525590261574,811.3775482903318,438.2074407107923
97.34266070798756,9.983655345559463,9761.17889268503,1472.6093743578488
23.177289981006723,5.122990174119912,1145.2215366964542,487.9224085160628
34.329829449528816,9.48810970730586,3414.7478548616145,817.7037798605812
16.281638117409756,5.188717638827979,930.5962257975098,422.25226311549653
91.93812677376943,9.167877619680926,8611.896398117384,1377.7751487217404
65.3457711209231,7.017574822200703,4562.245369733312,1004.3364523192662
94.30540408430677,5.523701115751889,5055.07630785947,1219.239096630662
53.11294780179916,5.228863929903617,2730.179499050519,792.5726745131725
41.85496066296845,4.759820547371017,2098.217027844951,656.5406339982354
37.23579052674866,6.02994331244802,2134.381796362477,673.8550708898877
67.56556683650902,3.8184619046382013,2741.029901671182,866.5787635970003
34.60595300809997,4.992356709479622,1552.5385194847406,595.6773655549808
49.751968406637666,9.880828885315559,4881.691749337118,991.5611283321546
49.23534714387388,8.102088736546227,4014.6087931792167,897.4579082660501
74.2944284295599,6.867639977308939,5026.819662229334,1086.326283161046
63.404012508742184,1.8795111638390525,1067.0393758990178,728.0156832793745
22.76205072906508,3.595943117775251,841.457379309498,407.41766317941335
25.323893934593304,7.3430921852425755,1875.6709722620487,620.3935486080618
19.39577132262404,9.145304278713201,1869.8639707136945,651.2229271619004
70.44335826413487,2.126267093004173,1518.551610225535,810.7469372915574
94.69597925765463,2.5869994272949306,2405.002899188593,1076.3097639412927
79.90480819450082,6.172112539225858,4754.181782103934,1107.653708906301
57.25964081920934,4.997962442030224,2907.862391857388,822.4945302936046
31.497243197371347,7.522520590436962,2322.2048265189014,691.0984614955614
85.75764689057863,1.1147958586215725,952.0457658457227,913.3162618368649
63.31441760142605,8.202448918141265,5150.505875619527,1043.2666219213238
25.83501583392846,2.7465656109052556,773.1551846337579,395.6784388845474
23.51496930931163,1.0256028478339305,231.79441022131198,286.4298354848128
86.70951722875131,7.882127207381309,6805.420554727441,1261.2015326565784
29.70228446345394,3.411426318104864,989.6320748131816,467.5941605397826
40.91585047046421,7.508573615988226,3073.5289036872764,784.5871855040534
16.091197934465853,8.85802070023044,1485.3687907268632,603.8130143561806
69.20793345634445,8.543846811270276,5943.226828967999,1119.2716751269584
25.246465905154594,7.10154396938735,1654.2751838133133,607.5418575209135
73.59860137202344,8.194431050538425,5988.8294286830605,1145.7075662471557
32.596382880006175,6.850751006926247,2183.576715493072,668.501379146374
20.999381477420027,5.615372447290251,1211.7464508512098,490.7624371387128
71.49826477374245,5.860681997472007,4193.459597766337,1008.0167476110248
57.81614096297262,8.881946217691185,5114.278015634304,1022.2587205142855
92.90063390825291,9.879123800679224,9183.19518019435,1422.9625291164905
75.82198186013203,6.66040350119798,5236.707129923018,1091.2399936612192
96.44877711509898,8.819779823355049,8326.376149410826,1405.4767623187422
79.97434153913036,9.982925839068358,7943.493418328376,1298.8897073447215
12.982318453094486,6.2811501023666825,684.1095714522455,443.88068964927896
39.060806748768314,7.555749915890381,3167.843347382234,768.3955632822023
57.292719934389034,5.945329359582692,3487.9487828970127,870.193667323025
96.9272958924362,5.016050343586393,4770.011614575109,1220.0754761036817
72.91683862265663,6.502450208869455,4767.357843794434,1054.2908966700388
47.5152386710576,4.140336799031671,1884.7864819798365,682.1692266621596
26.340662760958267,6.298193992997549,1485.3682736105147,578.3163272594601
39.02594098080391,1.7313238132405893,742.1068493244494,476.8256004700686
78.3942496740884,4.957554042976147,3892.064450113893,1031.8201988896913
31.887017379253006,1.6609026647623848,273.1434971561624,401.9153070306493
40.521628035482436,8.729814514114898,3561.5158296374507,841.7070060605693
80.04560076737945,8.46217590007307,6663.89879020837,1223.5648026774481
88.3879438019405,5.804637772638284,5049.237055635267,1174.1113266513191
91.78792316211052,4.247222698293095,3944.4104437644605,1130.24036653576
36.0764933802582,2.2759774734088767,931.3324016089939,474.5638074730258
58.94803948156092,9.410542132094951,5565.555427304682,1060.007501420357
87.8275507716963,4.724811659484423,4178.611689141918,1114.516090691184
36.19470391280254,6.252851068745486,2185.957006732314,674.5895925652997
28.968745360162124,8.447569901177761,2318.47827800192,712.0659486605092
66.54349281325248,6.759578956784255,4311.9224425791335,1003.4138759717376
64.71720419644845,1.6126219917412197,1145.94451720655,727.8031415515454
32.28180600682266,2.725485474476959,918.9298269775543,459.09233379207456
66.38584244102634,4.706068502739898,3239.8989838843236,899.1618495472583
92.10323332802591,7.297708132491491,6478.610503677977,1285.9177399048338
69.4562283335626,1.5706774991289683,1315.7962696841823,773.0961582920745
12.346139297277304,6.838291345249721,877.3551036255539,465.3759602352591
88.46205727960813,9.262379284582371,8125.877758759435,1347.7395370251998
13.514522430789178,8.778640499966738,1075.799947774584,574.0772493062287
91.69408214924731,4.61818681196627,4253.838016209412,1147.8501620907866
80.601769081082,2.243406792059583,1730.564093245805,918.1880304137991
38.06533370275669,8.10488007065112,3132.593740154158,785.8973405601229
29.86953232317311,2.1339068921216957,488.1428540716596,405.39066783781595
17.363211804452234,7.838964107761839,1281.891162583697,565.5803234326143
83.17359584904723,1.3026361800792665,1010.5598349517611,896.8677674944356
18.024901713313405,6.710511401108763,1124.2671709661463,515.7745871885722
51.59896729737712,4.284408375184394,2045.5743507679686,730.2100917329909
82.85005834441942,5.8560679503016,4980.849324625049,1121.3039809592742
39.796283864723506,6.00224626624921,2546.15274038998,698.0751519596956
66.89704389622372,4.190334509448873,2930.865148844635,878.487164434681
13.387893802558432,4.633994445592791,638.5231647121012,365.5786603052238
48.994301902610275,1.8636785736885937,1000.102372335979,583.1269477105325
68.96567033588164,7.188259334136505,5092.651491834479,1049.0696700656417
12.046708596723821,6.270953920445454,851.1297497000228,434.0147819895109
80.97151273775884,1.2845268363717173,941.163461758945,873.9414691961742
30.639215241822296,1.9821195312311843,648.8652740581934,405.4981289797821
31.5204603030005,9.410969691203261,2933.9511991082227,785.7530875901681
52.93327300534312,9.477436731352975,5005.2799751759485,1003.20456662108
66.20828041542634,7.486359251925153,4921.802730323295,1036.4007667505211
32.8764673848933,4.435914270455097,1540.6327621026096,550.560387371688
95.28611021421712,9.78221969488377,9213.45418706344,1441.9720868863596
65.67242637857551,1.0069957164085144,752.1888390349399,707.0740496061808
68.38791237580755,7.527198669534023,5240.248001023272,1060.2390572347767
90.61164141532882,2.1318610892244245,1957.0249429041733,1012.7094686145094
22.191717008076054,7.513793485899127,1614.0344902156094,597.606844375717
94.10088401337828,5.01197906035093,4721.375656730808,1191.6077931513294
36.22398861258688,4.074192744159136,1635.245433230246,565.9495233338256
21.804625954305713,9.894643501489988,2129.6216663266837,712.7784346175565
45.951914035265354,5.450853648496628,2583.1254845758217,732.061822777485
43.12576150242906,6.306260726996707,2789.2833207636468,746.5706513741259
38.00130961624852,2.965619428028746,1043.5647583616242,528.2940675639225
83.70153470703585,3.534071941226286,3067.0423227882548,1013.7189441316729
94.71169007271764,5.1026741791362955,5121.760670042115,1202.2506096839911
74.38275260665012,6.793540810755107,5159.867706040104,1083.5045666042565
77.51461069734059,1.5434727188508508,1066.359684463884,852.3197429159484
56.12555492313911,9.198213230441008,5019.299933494005,1021.1662107534414
37.66256397264238,5.279057128092927,2031.3190348688847,640.5784961310701
99.3965558187663,3.1380380456594095,3167.154121699115,1150.8674604706334
24.35548651136382,8.142943446625674,1915.541740296922,650.7020374449219
75.4213115276773,9.3571675962152,7054.962700254611,1222.071495087533
75.66717221500328,7.952744048081668,5949.47981938997,1154.3089245541162
71.17702651423285,8.258573822585587,5972.120045253051,1124.6989562716078
40.50648889447154,1.994433349357969,799.6875285485419,504.78655641261383
43.04993408943102,8.298794494257795,3553.585755241745,845.4390656071998
20.57991031299912,8.522567734184157,1894.0460271336754,631.9274898391991
91.14300153457738,1.123778232895544,991.1181759328088,967.618926990551
97.61706639421192,1.5307642178457586,1413.9278075431885,1052.7088748344072
16.56763438795745,9.175049556824236,1508.082725240996,624.4288217207862
12.887367129657493,7.111873385569037,839.3359562850998,484.4673405750268
84.16998346378412,2.4840793019961236,2202.5996204459725,965.9037997376474
51.20438258765347,2.334260920998915,1236.9400299142094,628.7568719264805
68.93206913672871,3.3135480529876653,2434.878116472039,854.9980940166704
96.99532446329971,7.649421378630743,7345.578980162659,1352.4243135645343
67.76094501695698,6.304997790377852,4316.013126913548,992.8593396884626
41.35587020781904,2.9008209412800277,1266.9723850804157,558.5997491421917
34.22348372626043,3.269690636378267,1181.1069818551234,505.7193690815177
77.75261139949296,2.486190171255515,1878.4142411176456,901.8356225577054
18.369593047083203,2.453562108928573,303.0935535952357,306.3740359172607
74.46787883559942,7.913243165657385,6070.755851852284,1140.3409466388634
32.059759025823155,2.430471360188444,914.3341002382308,442.1211582676537
54.707204701131204,4.066124388108515,2156.018854333195,750.3782664167377
95.54886060368285,8.251285894749625,7852.068888904158,1368.0529007743098
77.76458624638823,6.952803104774324,5455.610392962942,1125.2860177025987
58.506371323765066,3.985317695810652,2324.314545711093,784.3295980281832
18.097367583996608,2.274824778769933,527.6099877233519,294.7149147784627
58.809704722087766,8.389516278401342,4952.694402982065,1007.5728611409448
50.55994441491728,4.8873096959183755,2513.1997159403772,749.9649289450916
59.67679167082638,9.801666558471265,5991.418003465982,1086.8512446318273
73.3846799220876,6.066536138458456,4506.07958121849,1037.173606143799
84.20909803948908,9.811774202508772,8506.719841719098,1332.6796905203291
75.45773954719331,8.585115181423857,6564.885017061875,1183.833154543126
15.814035308156956,6.452709671796536,1143.6677011711288,480.77583667139635
63.17158940605665,7.539321463091805,4688.065659220293,1008.6819672151568
62.473875175306,6.114001596568694,3755.2649647361754,930.4388315814947
45.94244243401319,6.188364598377944,2803.04033244725,768.8426542590291
72.81975859856858,6.050318320704459,4252.015020520674,1030.713502020909
24.5214570360782,8.649346650780561,2111.8023305494853,677.6819028998101
47.720991436092895,5.834685588163031,2718.1388521780686,768.9441937690805
58.12862194910706,3.244381466750565,1835.771603025908,743.5052928285988
93.82553044948745,6.259684083084005,5638.636743260715,1251.2395086490747
58.584445044141574,7.627234836749003,4271.290863096355,967.2061922788658
49.63335107934659,5.302712993845438,2590.9968421646677,761.4691604857378
52.12251829943192,8.397635240965016,4324.426500221779,941.10694504257
93.31475593272393,2.7744268078815244,2673.9712431323715,1071.8688997213155
94.67878084590558,3.9630267517403874,3869.512834849533,1144.9391460460752
16.67594826411087,6.811919433397095,1228.0037508817309,507.3554543109634
85.84107088258303,5.1366833179042475,4409.903954104962,1115.2448747210426
88.33246504932497,4.991134306465262,4384.406047965076,1132.8813658165127
93.89548544408824,8.131626163092031,7621.09208233797,1345.5361625954838
64.67825142663017,3.312603649525302,2028.0844033744365,812.4126967425667
71.70012435888006,3.164970976539419,2361.361428940374,875.2497924157716
45.150534906995105,2.1567554086578977,1026.0281664706313,559.343119502846
63.68805744659075,7.342955509131617,4701.538487801626,1004.0283499224882
68.14391201358487,5.953568384426743,4026.5510299317284,979.1175393571858
80.4407211173942,9.002616416500103,7267.431248990639,1254.5380319989472
79.01433118817472,5.700131024078635,4508.791090673487,1075.149863085679
10.062906727129416,4.786324905033524,383.25205490318865,339.94531252297037
49.4943363192599,3.908684674544319,1956.1167849669118,690.3775969198149
44.25965323695145,1.3736602884513887,596.968803820807,511.2795467920839
82.23110343762139,7.314588755464308,5932.652499276513,1188.0404721494292
39.178315095569445,2.0576768917360373,813.064730439935,494.6669955424963
65.85121111667837,9.837333902341214,6546.075707620538,1150.3788062838444
10.078924326049691,4.647950442562063,522.4217775607191,333.18676538860007
32.72797661928581,9.344127758427927,3290.9821688157954,794.4861541142545
19.579164974541584,4.569628853991976,946.45300440078,424.2730924450146
60.73967409876138,6.882640077955297,4037.3953091561875,951.5287448853786
76.521605271008,1.262588523082861,989.0447612840244,828.345478864223
53.26356445265428,3.656098860765057,1905.4937217751633,715.4405875647956
46.428617130509735,3.7558755589243926,1725.7267290337197,652.079949251317
40.58668515195475,1.0025973919057745,473.2743474652841,455.9967211148362
59.661967952718435,1.3394717521239756,764.502179929632,663.593267133383
86.7425722666457,2.3711802517654936,2032.1593487723294,985.9847352547317
94.27260249972112,8.920795853154676,8261.86542024827,1388.765817654945
30.289452696666206,6.482851285562864,2067.688705891237,627.0370912448052
16.041729526401106,6.784104537826792,1183.5830448583315,499.6225221553507
80.64017446303741,8.3042369171269,6713.373945438261,1221.6135904867192
75.90492119875279,5.213129002045981,3732.502205572028,1019.7056620898269
38.91446763089138,5.165763194017231,1922.2987457434688,647.4328360097753
79.8815271413126,4.420595372769738,3485.987920666002,1019.845040051613
59.312406709817814,7.645035923220502,4569.696045365922,975.3758632592032
31.809974848621128,1.129465054801499,323.871590375172,374.57300122628624
19.87249264920116,2.0629950427071924,275.2005231327425,301.8746786273712
61.11917554605966,9.689769999375448,5870.539469163657,1095.680255429369
83.7790880943061,8.402955140590501,6909.790293774019,1257.938637972586
81.32795655881353,2.3998305593105926,1900.7072346652953,933.2710935536649
72.7650207711803,4.392348653069082,3216.843949488503,947.2676403652571
43.15916793619236,2.180040122504775,1058.459030805484,540.5936854871624
88.02134202154495,9.225444148750924,8230.174140734815,1341.4856276529958
68.38584056197007,2.1491019461432646,1316.9991812484081,791.313502926864
14.222036938510161,7.668181051310977,1065.3164415979434,525.6294219506505
90.22297239730642,1.4654947143522397,1372.794570456105,975.5044596906762
46.01100974631801,1.8499252209090185,879.0569069379742,552.606358508631
49.43688077860353,6.046626554834069,2928.7361925959376,796.7001355277388
76.76810386147254,1.5256629497775278,1191.72806183433,843.9641861036017
24.979334737094852,7.469927531380122,1893.4895468698376,623.2897239399547
83.79212697838955,2.4093050336980464,1960.1215875103715,958.3865214687978
78.31375803222335,9.091829199007796,7133.490303807708,1237.7290402726233
76.35199473550391,7.805159572044277,6027.318652779599,1153.7779259572528
38.732508505515604,2.1149674097977815,821.859891456677,493.0734555450451
24.98975333589258,9.782773462453013,2421.042338043833,739.0362064815764
18.3112556617233,8.808477968093129,1744.7557186757608,623.5364550218894
72.54309587350741,4.487098043573348,3104.566403889073,949.7858609137415
71.47098456459368,6.72600122160772,4811.048390395061,1051.0099067263227
76.25828486973502,5.961540898948367,4376.1002400712805,1060.6598936447685
71.41413768504518,2.7161996638436916,1882.5192916739165,849.9513600426362
13.147222737710997,4.782051565798735,462.8869553733118,370.5748056670467
63.266257884232076,7.403178352801597,4691.630816226924,1002.8214964824007
20.378571602560807,6.841158416827339,1376.5402509032515,545.843636866975
11.842408228072593,2.840065745499753,380.294884186693,260.42736955571354
77.27269277570822,6.728027457338919,5258.013443274207,1109.1283006240283
34.97933716756185,1.625813749556721,513.0128274032348,431.0840591534546
74.83296596127134,7.544968416177767,5852.667335878577,1125.5780804216017
42.964534089947165,6.065636483656016,2626.1768473058655,732.9271650822725
81.11123586788037,6.421075987795517,4965.812283731358,1132.1661580685795
46.37795675851463,1.0717352305274075,496.8922890008267,517.3663291115166
15.111363331031681,2.5782376867840577,483.5508855494814,280.02551764951966
14.677397159944245,2.049389518050153,365.19194842890363,249.24344750195013
23.36565650875044,3.655926762878175,913.3662343230903,416.4529032314131
99.7260277026667,7.3406861105863,7354.728604644184,1364.294582555982
77.38852358542782,8.143452134022223,6269.55315450572,1181.0578425553895
89.19496012668573,6.050020435596975,5378.711612616867,1194.4506230467061
36.778436414851726,4.350952162401394,1511.192062245415,585.3319722685869
37.6502182207789,8.57810299903475,3295.5824905940112,805.4073321595265
66.41543419773816,9.849552912987802,6391.1312343639,1156.631987626772
38.65555764948896,7.192456480483395,2963.6218852724983,746.1784005190594
74.3041176418899,6.053010548799109,4403.766667614926,1045.6917038588545
98.06761777980675,1.499548781256793,1606.1034624150668,1055.653616860907
45.28537570818634,6.423589034098852,2902.4139963388725,774.033208786806
52.68927812179658,4.717416595006002,2729.5757524119417,762.7636109682659
30.81350704529182,7.6509684384981345,2351.411208929825,690.6834923778249
89.26919917360536,8.38122532579643,7451.966015991953,1311.753258025875
13.143277564111031,5.353566484203639,707.9277914557168,399.1110998512923
55.880967886065676,9.535131766693352,5353.252594972986,1035.5662671953244
76.17371156800574,4.354578530754638,3184.1509965264104,979.4660422177892
64.56258026966478,6.141024256901952,4054.6898529143864,952.6770155417454
53.66982628965116,9.704281960431965,5200.903358571103,1021.9123609181099
10.631167506710229,6.359393589223317,657.1657493975307,424.28135452826814
25.628525413528607,6.027544865864051,1409.6008572849055,557.6624974284887
22.837208938852964,5.072052924276872,1168.4948541065046,481.97473560237324
60.59278418025548,9.856234282834418,5855.957359093697,1098.7395559442757
26.89594269628695,2.1600262496283484,543.4392453569452,376.9607394442869
90.05492601595735,3.445578133194659,3220.2009430991766,1072.8281668193065
53.29336403968841,1.1513665831540822,532.0344873694589,590.5019695545882
79.2800896303364,1.8236973696530452,1430.796182264511,883.9857647860163
68.41805112318909,9.75357685101688,6740.109425677195,1171.8593537827348
63.61213615811407,7.4387481824145585,4720.940690866553,1008.0587707018685
76.7486170492681,1.7853080934615946,1503.4965156195708,856.7515751657608
49.97219531466476,9.434989978175317,4798.280203561517,971.4714520554134
86.17033067711998,5.3922877405430745,4622.670556861074,1131.3176937983535
86.29261892828421,2.6919362249984298,2384.8953455828037,997.5230005327636
64.93224284513846,9.160310241837921,5870.956224835912,1107.3379405432806
54.538413975998495,8.522851739287901,4511.47571233439,971.5267267243801
13.405657595865804,1.963433251224747,264.6775432269126,232.2282385198954
42.357760691300726,2.115754038256164,1021.6620344074296,529.3653088258154
52.87023821685885,6.846974359351261,3641.508148404147,871.0511001361516
57.43248802298687,1.5028325069861774,1018.5626504410322,649.4665055791775
65.75524336890912,5.389302859579543,3544.3229543437687,927.0175766680684
29.296082864577613,6.056328115300144,2002.9416599734213,595.7772344107833
65.29884403620338,2.9097159419755023,1860.0432668804135,798.4742374608089
17.21426261519182,9.86966133748443,1696.424303274696,665.6256930261397
39.19129459192351,3.5528876062965313,1562.059167639601,569.5573262340616
78.62768111967488,8.053724130355999,6229.655338774727,1188.9630177145486
13.607271427945149,7.912656707999749,1165.908212861685,531.705549679439
20.520689874131286,2.955423528600136,685.5645959990064,352.97807517131963
74.99769102173371,5.093921487361003,3726.4064124495408,1004.6729845853872
58.88704190968384,1.017521116230409,587.8267011240063,639.7464749083589
12.14439375539186,3.959061793573321,549.3275162626609,319.3970272325846
51.30683215293472,2.782268517172926,1381.1099084882412,652.1817473879935
39.61933590463625,4.193216976803401,1493.5295309751036,605.8542078865325
39.77573177525359,6.5421141488032575,2397.4878679873464,724.8630251926988
60.04143221375201,4.57623183840943,2728.7093386500137,829.2259140579915
20.57118905416559,1.6783179240660286,259.78816755642055,289.6277867449573
95.23648731973503,2.665921557975986,2623.8198652194337,1085.6609510961496
80.68920061331677,2.2876908398923113,1752.7218316312867,921.2765481277834
92.13939628885137,3.2331710804437432,2740.898779732145,1083.052516910701
