Vibration_Level,Motor_Current,Power_Consumption,Load_Type
5950.15279849752,6.1664474137695295,8927.326914601043,Normal Load
8874.190266241176,8.274466710778235,13270.146934560931,Peak Load
5957.535317143349,5.503698712415204,8911.587871611395,Normal Load
5976.034427019491,5.150450825048259,8954.005142853968,Normal Load
6161.2583909762925,6.031244268969271,9280.583404440245,Normal Load
1842.3476938074339,1.4992880734029084,2721.195971635744,Light Load
5574.758670269679,5.885600695128268,8267.041143656466,Normal Load
5989.044444988367,6.1029851242101545,9004.17191664906,Normal Load
9156.408191709861,9.790896614664787,13600.128747330145,Peak Load
9166.959170871021,8.985082507703927,13441.150206029355,Peak Load
6225.589942657771,6.103689845493797,9459.303041534724,Normal Load
6170.691939590103,6.275639258082709,9340.156550166326,Normal Load
9245.441201802729,9.970196343297882,13913.564445633012,Peak Load
2126.117334881892,2.6236075427843533,3369.7482965236077,Light Load
6092.620150100548,6.396671137698863,9046.183915602463,Normal Load
6066.092419231934,5.930267399969422,9184.537428182453,Normal Load
9151.794205051234,9.2750651725882,13819.043035179822,Peak Load
2093.781325058441,1.6549352978932645,3204.4605654906927,Light Load
9126.217076550167,9.549839166056628,13720.52483836529,Peak Load
8982.576384778999,9.982454790499453,13342.890763822665,Peak Load
1955.0653424298011,2.316525922707146,2979.6797101530983,Light Load
6137.841412795617,5.894878868940626,9167.670441107846,Normal Load
2480.6128126122126,2.1311904473125924,3686.0750211840063,Light Load
5964.748930460901,6.079258706567639,9119.060575578742,Normal Load
6334.51140676606,6.100627191831296,9403.020869069032,Normal Load
6025.917022757985,6.00794848818466,9144.650833933947,Normal Load
5924.930208424606,5.6433226318567495,8845.491809811338,Normal Load
2175.129295747725,1.4725048690009346,3284.522725443973,Light Load
5896.688822155099,6.555623810726562,8817.747640130003,Normal Load
6017.2090461454545,5.2842846332181725,8830.516436153719,Normal Load
9007.973776849734,9.367898737224136,13540.560162284182,Peak Load
6206.917531140743,6.839343045829207,9114.32777283274,Normal Load
2043.4292576391395,2.355548774934208,3071.3341533642983,Light Load
2297.9298047598263,1.6702959960404309,3595.665026042225,Light Load
8919.509660505286,8.780953422303453,13507.842673572404,Peak Load
1853.2245219416168,1.571322412677616,2708.0117010931444,Light Load
2050.4559068235685,1.9884770327033807,3207.4831282188798,Light Load
6083.558569379275,7.060212721773764,8937.58914189066,Normal Load
6047.386221095222,6.2675757675372745,9186.853324498996,Normal Load
5358.995315269276,4.290361902907284,7890.235055827732,Normal Load
9171.075765603882,8.620296386006554,13830.111668097335,Peak Load
8826.453036045079,9.559382927479586,13233.371005065106,Peak Load
8896.952739568449,8.757552967402573,13295.02732618107,Peak Load
2079.3575290360664,2.0133701770160886,2934.55693012277,Light Load
8950.105434967849,9.128892615421071,13487.310565828004,Peak Load
1615.7028588607654,1.9058814850630803,2586.5990988244616,Light Load
5840.136252535159,6.584025205446574,8769.223796288226,Normal Load
6058.900940105093,6.15719458856754,9128.034400929962,Normal Load
5669.773731776036,5.935577117661432,8500.265397403873,Normal Load
9056.311060878652,9.563605418082435,13345.40995983576,Peak Load
8835.594265831616,9.132757277211503,13245.048970528656,Peak Load
6008.570177072455,6.518689108620416,9044.02292887886,Normal Load
2088.790788207002,1.7727553074784388,3278.7285156801127,Light Load
5952.826751913424,6.2842047527666915,8889.494251345308,Normal Load
2151.720176912999,2.2875519669717392,3116.4100833164175,Light Load
5995.682769634744,7.119595614555031,8934.852239581616,Normal Load
5989.690561089759,5.365574665915489,8856.470709838326,Normal Load
1900.2523128621601,3.0834990879593445,2864.8037671052175,Light Load
1749.2769865291139,1.5829601910291553,2669.3606049245655,Light Load
6160.646719106111,5.976072822728323,9251.76868219801,Normal Load
1782.6330819826699,1.969134939299746,2640.162746891758,Light Load
9128.044425608728,7.999502206583701,13642.935616797055,Peak Load
6019.118335650628,6.301936251288675,9047.106262300393,Normal Load
6070.948720715016,6.0729990259266255,9182.033974595739,Normal Load
8952.2391867176,9.105718617073874,13487.371148256761,Peak Load
8716.478088054317,8.235594442300938,13124.804238214638,Peak Load
2047.035994964357,2.3975974903528803,3097.8120138972445,Light Load
2171.693285996534,2.095352108069356,3241.634865456815,Light Load
8687.127157420915,9.305132826829961,12997.99990032988,Peak Load
2041.58904833816,1.7683747192173667,3070.2145980877735,Light Load
1845.038080891216,1.2258552222509733,2697.7000921534836,Light Load
8943.706436997027,8.630418239546518,13186.803973912509,Peak Load
1751.7164586124384,2.3631760676411417,2510.462789481576,Light Load
2239.485809047021,1.253371048663936,3332.243980803608,Light Load
8922.929400565556,9.477470752477787,13333.23960155236,Peak Load
1771.0953041122025,0.4595512217850799,2708.6473597083545,Light Load
2062.644998045761,2.263325390296003,2874.5368534444624,Light Load
8840.975094479223,9.030321712691297,13195.423845943262,Peak Load
2176.2651421128203,2.6161555264183614,3345.7254322925737,Light Load
5891.013721837318,5.392616827536673,8663.772034029556,Normal Load
1605.3730248724232,2.198332009163737,2444.979888342815,Light Load
2066.5816626749315,3.2409808539171783,3094.998463643475,Light Load
5591.953036555658,5.818837335273934,8272.886555780078,Normal Load
6028.531129019589,5.648021121178003,9059.0924424499,Normal Load
8853.426431144766,8.967834276190574,13098.84428613392,Peak Load
9127.180247947383,10.041796090514486,13690.873730958552,Peak Load
5863.801351881202,5.93402964066192,8793.08903278296,Normal Load
1556.7824765951232,1.6372112992489471,2263.7898078734497,Light Load
2125.017664574404,1.8747874490101237,3230.88141481502,Light Load
6097.6201139795885,5.868331520173143,9247.167119776834,Normal Load
6136.21588767544,6.416065393880293,9255.065703367389,Normal Load
6089.421988352605,6.1440941823575095,9225.602552893604,Normal Load
1959.6466738131396,1.0703212618499502,2969.4202138877577,Light Load
8897.638692084012,9.650759713145234,13505.14765163534,Peak Load
5505.233507458963,5.499096582308409,8306.001421106239,Normal Load
1776.1937709013635,2.4224505874442395,2692.505992161606,Light Load
8749.483218406194,8.349455913873784,13247.155302144969,Peak Load
6159.651015803773,6.4547107667544275,9301.5839486348,Normal Load
1930.066083084349,2.22076826595931,3039.588067447488,Light Load
5966.849492439042,6.079895841164403,9087.242405572031,Normal Load
9081.34063362571,8.660255136350553,13818.182325333466,Peak Load
8485.87187068513,8.69434824062972,12794.896268264582,Peak Load
6254.865056531814,6.342206478109203,9291.80068002315,Normal Load
5839.031862654549,5.390483135373822,8613.981621199648,Normal Load
8926.133867670213,10.431322482255316,13496.515824263137,Peak Load
5829.936664727379,6.5828113966967985,8730.23951392813,Normal Load
1787.6492814802903,1.8513671763229578,2781.7020919088695,Light Load
9123.932002762089,9.218567586382804,13454.806754648513,Peak Load
6133.505613338564,5.498143841810835,9098.558161718649,Normal Load
2047.7631177267576,3.0458128761268686,3049.3979528063383,Light Load
5812.810847658836,5.670557334057822,8780.97479062629,Normal Load
8896.482523483774,9.067970529419204,13341.776606470125,Peak Load
2079.129033225051,2.23290791726739,3090.048275930368,Light Load
8805.17517657948,9.044961570365713,13472.756315923876,Peak Load
8983.351809662618,9.959528769816004,13302.357800127727,Peak Load
9196.81204730274,8.994898378056892,13764.51829524509,Peak Load
5713.291038313214,5.835623316851774,8675.074926163797,Normal Load
9194.746596678566,8.903559632439084,13795.306552391368,Peak Load
2314.9784652773915,2.1494214113299903,3318.81367123032,Light Load
2327.823115257558,2.9192670906428484,3494.2028301513046,Light Load
8778.964809325307,8.866545905793107,13082.09048774149,Peak Load
8832.43646797401,9.099185990089579,13175.727287077378,Peak Load
8946.104248035788,8.271786943930634,13372.056504910346,Peak Load
5975.744795166941,5.793846407038154,9051.165727686619,Normal Load
8966.273399091124,8.623734154081298,13362.474950941338,Peak Load
8740.46791799867,7.691709187062251,13211.843224275042,Peak Load
2188.217685660778,2.435688216938775,3212.467303748761,Light Load
2139.4245473106657,2.747412355260002,3142.73698488711,Light Load
2076.63247348038,2.073010458580572,3019.9070532129326,Light Load
6042.695991911093,5.233651078326974,8947.999425705433,Normal Load
5788.78054809128,5.373672640452786,8903.663747405837,Normal Load
6375.079474109549,6.049073901287276,9506.193771777796,Normal Load
2076.886694824775,2.0770973919791165,3196.3804911662273,Light Load
5738.549497587526,5.085359586966139,8612.640959835719,Normal Load
5796.046476069568,5.674828740428219,8757.767010745787,Normal Load
2189.541457097234,2.199596019174929,3234.1245595379596,Light Load
9141.680821402932,10.327311609198826,13864.390301037489,Peak Load
2076.0137888938093,2.6942950262571745,3180.1461984392245,Light Load
6088.445978254504,6.010449402892221,9093.045213398516,Normal Load
8887.826427824082,9.562602081582774,13225.823236824914,Peak Load
1829.8540515602992,1.8519681451166254,2910.4721947180574,Light Load
5709.458212006444,6.178189425980351,8583.23174288497,Normal Load
9304.838572944751,9.44743806809065,14025.537661349963,Peak Load
1821.1827247954734,1.2189763011224433,2673.470947557856,Light Load
1987.9582372978768,3.079864309292966,3132.307914015219,Light Load
9064.917940515064,8.68462651732478,13561.197281626992,Peak Load
5443.260294390451,5.360200549589729,8171.764617385599,Normal Load
6018.424556142208,5.899623460279791,9112.251372231858,Normal Load
2065.3183792216446,2.414765488042085,3171.5800406946437,Light Load
1913.010072802995,1.996296237443858,3037.6046898129207,Light Load
1951.8329105204698,2.4972752422188624,2738.6200811990757,Light Load
5975.513011451995,6.100673905219827,9037.753651903482,Normal Load
8780.731745389427,8.513361095417428,13260.10858069474,Peak Load
5850.714124636518,5.746848007581967,8506.394064094136,Normal Load
8852.083244180216,8.683552545516127,13514.06179555175,Peak Load
1843.9513441098713,1.234466194592975,2855.9277691368866,Light Load
6336.616698934961,5.967634003224875,9325.920984156417,Normal Load
6314.971607827172,6.551847594086356,9342.40383360565,Normal Load
5662.319737930307,5.900996186013588,8209.648271202559,Normal Load
1917.0380605435744,2.1499114932322043,2916.456757443892,Light Load
1855.6839776731567,2.058957878145491,2984.272639576081,Light Load
6146.969967797366,6.75803497164651,9194.933008758944,Normal Load
2033.3750170192066,2.949406125879905,3083.984109888524,Light Load
5669.04186227931,5.86468328879406,8398.517856442528,Normal Load
8638.63200094843,8.31004618907101,12775.00244310001,Peak Load
8947.826730533334,8.913020163168754,13296.376913928645,Peak Load
9061.762758175208,8.616493559340068,13636.447394300685,Peak Load
1619.6496749810037,0.8882928709691819,2241.860450836026,Light Load
2147.1880017357307,1.750572286411688,3500.300409329366,Light Load
6300.742395057036,5.749049122654895,9388.137482986569,Normal Load
9198.710568745895,9.509531865943119,13758.964237519966,Peak Load
9015.19862959925,9.21150749200592,13472.665001416808,Peak Load
9113.58472473655,8.55624636880061,13607.532787239003,Peak Load
9209.144747081446,9.176345700799923,13741.833152314082,Peak Load
5807.3610480987245,5.612170572632265,8671.71177567115,Normal Load
2029.2183076423885,1.9567936378775368,3144.5945675456533,Light Load
5796.902971728734,5.776984859315985,8603.473884245133,Normal Load
1862.3264835779464,2.023196330825906,2612.0702559185825,Light Load
2066.645109952572,2.344405965109325,3065.9680699830174,Light Load
9111.561077256853,8.893633713097826,13732.148562490185,Peak Load
6288.265743115525,6.3093764744443455,9349.471202295173,Normal Load
1930.7556989292566,2.2536431030103548,3047.9032945661897,Light Load
6475.851907583493,6.257337331287033,9794.694629568354,Normal Load
2229.1231860795883,2.0320751488786195,3238.77049312241,Light Load
5821.7668769298,6.217672802829944,8900.865902605736,Normal Load
6039.394203415985,5.822289691929975,9034.738953021015,Normal Load
8778.542316478586,9.494419001551064,13111.072097613041,Peak Load
8967.599011255485,8.8169695679847,13505.633622711232,Peak Load
6156.210720500781,6.372062587116205,9242.692036571092,Normal Load
9032.13882034309,9.668908951982583,13584.881484589218,Peak Load
2017.993013750085,2.7744286617928196,3030.8712522474316,Light Load
9021.85116964759,8.30173695339961,13454.82751424907,Peak Load
1999.4581837411592,1.9829958763610158,3059.560293206354,Light Load
6070.340033313457,5.772000592700117,9202.697088680148,Normal Load
5642.769452729719,5.526890441774273,8394.49487003713,Normal Load
1743.1559455891932,1.1276262301594864,2573.9327119350173,Light Load
5908.176309357787,5.3630539334649985,9020.084340639847,Normal Load
8797.79795928444,9.020404566846185,13261.746636644495,Peak Load
5955.270316753329,5.763916751597178,8847.846025145505,Normal Load
5962.54522160728,6.163729790697004,8906.818740085526,Normal Load
8824.524502381335,8.70509556656796,13235.116924256288,Peak Load
2088.304129780204,2.626912093610633,3029.391059043199,Light Load
9088.301575273,9.792941426234927,13641.20735693394,Peak Load
6232.135059804709,6.135792887439287,9311.99986092469,Normal Load
5939.257286830431,4.801802501633624,9111.058978525241,Normal Load
2007.851001801215,2.315425893166753,3056.056704754173,Light Load
9237.600227421553,9.942615034406277,13686.558052594553,Peak Load
5845.03216810526,6.269798855182645,8868.098149712729,Normal Load
1924.7377593376714,2.4862306317506198,3001.065027774742,Light Load
5694.439406408384,6.264361288077481,8550.887037234674,Normal Load
1945.8734645278334,1.8480964052627027,3004.2988025866625,Light Load
8833.712964450468,9.473846718338132,13122.505396626768,Peak Load
5893.176854494572,5.716858099374491,8756.193142267643,Normal Load
5472.493554369625,5.654818024986775,8276.983470771776,Normal Load
2276.8805222022656,2.238946605822504,3439.4369977754604,Light Load
9004.009847841202,8.52568490744684,13666.837834206932,Peak Load
6080.882742247506,6.53209838689263,9261.949370216944,Normal Load
6056.02280265965,6.052728727004736,8998.448807330618,Normal Load
2430.131969466807,3.2604534768676494,3601.5433645982494,Light Load
2369.401999840338,1.8791771291732107,3449.4106202608154,Light Load
2263.4765986944512,2.14885884939414,3359.8976101798166,Light Load
6026.536237696129,6.677024845231417,9098.473790947106,Normal Load
5897.616359813265,5.534892233955093,8876.80104748443,Normal Load
1960.4969808189699,1.4718017164742156,3105.2655007362528,Light Load
1681.8777593940135,1.896685111468761,2509.0274916836624,Light Load
2059.896320463586,2.255369412401919,3224.874883451802,Light Load
9101.982645079497,9.13101978084859,13659.079830547145,Peak Load
5562.025522748525,5.192800297298246,8242.525202122464,Normal Load
6203.112252277616,6.064253034210654,9367.277889446521,Normal Load
1919.4742028691946,2.647974214843561,2852.181005508981,Light Load
2443.06684204221,1.624256531062398,3537.8684232888304,Light Load
6113.491388340435,5.498792923100742,9021.763325286653,Normal Load
9037.717767228307,8.799981870669384,13683.543918665113,Peak Load
6070.2496334648,6.112958249206173,9041.293979311795,Normal Load
8909.107350978502,9.79757973712678,13555.10314971648,Peak Load
9016.65006266611,9.273416180028178,13518.552109941733,Peak Load
2169.865417178573,1.9355630374025614,3318.6870672724563,Light Load
9196.123053699488,9.3952257062712,13823.19656718594,Peak Load
9067.665710586201,9.46606921648862,13667.837088131777,Peak Load
9363.153416790694,9.454344001603117,13977.269983514203,Peak Load
9045.904193890869,8.740474546765562,13543.800539814581,Peak Load
1879.0982562576178,1.7059847741789438,2752.4126619383132,Light Load
1827.4728505135522,2.198997625576294,2753.094155627735,Light Load
5834.096566841026,6.742030185366052,8631.244815489274,Normal Load
2244.729803982643,1.7430039265959554,3398.352451677054,Light Load
1948.769618947079,2.5134077335008103,2897.306475408502,Light Load
5832.80426189764,6.000972143156413,8837.847757080803,Normal Load
9253.086840180484,9.690524325503304,13947.373148939143,Peak Load
8978.07364300552,10.245901078611713,13418.256157705491,Peak Load
1886.7997561079337,2.4991632789741414,2717.920372732454,Light Load
2120.4150079634687,1.8181563263240603,3270.7280001907793,Light Load
8621.112516033383,8.64952778302088,12983.780496290234,Peak Load
5707.512375280427,5.793335986093882,8663.929839242926,Normal Load
9179.945223479295,9.87370800460494,13863.036751113603,Peak Load
2012.985192023668,2.1235032339901205,3264.0201163450083,Light Load
6117.222562453113,5.999170182818577,9035.799155705734,Normal Load
8948.55751354073,8.38688133679429,13530.163027845732,Peak Load
2062.1532223672,1.563254623690784,3298.06006891485,Light Load
2097.7304636997733,1.3878993063210285,3102.779412776317,Light Load
9061.934041600065,8.06182928233721,13651.013191824988,Peak Load
9239.257472342855,8.825568606492986,13883.550594028557,Peak Load
1912.840705585051,2.0940537458569715,2866.7896016735504,Light Load
2037.2006351449875,2.7990170866533406,3063.563415619381,Light Load
9541.47574257154,9.671171911715827,14145.488456588655,Peak Load
6352.778464392465,5.943018672358953,9419.121702812046,Normal Load
5996.258917723176,5.609570774739459,9118.879219891729,Normal Load
5993.881940692982,5.952191169423474,8982.608991549445,Normal Load
1859.9158075022026,1.5933853340222979,2849.0038988843753,Light Load
9173.75926015293,8.088136302536372,13806.453584434148,Peak Load
1844.2471596924916,1.8467963499680864,2738.0585490679214,Light Load
9104.583971229027,8.398088492088501,13653.603940922681,Peak Load
2124.6243882293356,2.125825423259663,3287.3389598915305,Light Load
6131.172913874074,5.979941010018274,9116.642045191333,Normal Load
2027.6046437499424,2.2685698088683752,3052.503296586889,Light Load
2220.8445626375933,2.1706179302717716,3193.240922320812,Light Load
8909.24293997793,9.48084234877483,13376.524509693048,Peak Load
6041.072647661819,6.041621373940259,9040.797086871342,Normal Load
9077.336555496839,8.437486698530705,13445.14370435096,Peak Load
1775.2108040548621,2.9104898841111964,2543.855797740975,Light Load
9087.895615693456,9.226608515535645,13729.607504942796,Peak Load
8906.061796041868,8.51483632837911,13408.317345957003,Peak Load
1685.34328933455,2.3631552741444275,2249.5819389094213,Light Load
1660.688795534416,1.7106258457766401,2437.9328840266835,Light Load
5484.618911133517,4.342368068293101,8220.554697918667,Normal Load
5801.5902237237115,5.484762290580992,8629.355213926547,Normal Load
1743.2780772857973,1.4513303761419927,2672.3334089457494,Light Load
9273.86305347762,9.330849045114237,14004.462279653648,Peak Load
8679.437470548244,8.927459830305901,13080.994171790684,Peak Load
6071.892479017165,6.561415697165233,8954.204827036077,Normal Load
5838.950134214093,5.0597696898563695,8739.150665413596,Normal Load
1888.5696771981563,1.7261456356889064,2738.5360706437714,Light Load
1970.5441158691663,3.0156638932612845,3059.6527728687624,Light Load
5921.6952206329215,6.002070137495066,8837.254743785508,Normal Load
9110.931383038514,9.148535583416331,13686.306071660927,Peak Load
8903.602802584592,8.477339697623156,13367.885015794676,Peak Load
8977.448978726055,9.114584324923113,13520.380911501647,Peak Load
6134.891916246256,5.399105419657087,9046.332366212624,Normal Load
9205.927671479569,8.779634513231736,13830.832229891952,Peak Load
6054.077799501909,6.006887464017398,9131.093524604077,Normal Load
6006.179824543218,4.966239116092116,8887.345780560992,Normal Load
6457.51369431393,5.9963976912789105,9784.094288429074,Normal Load
5638.528613683414,6.49337384993718,8586.733043263992,Normal Load
1779.7498227948392,2.2828987137800274,2637.3109919020217,Light Load
5740.177752816859,5.305047654304403,8618.200085849534,Normal Load
9028.726303542424,9.710615702069298,13653.42352685241,Peak Load
6044.3824307223895,6.089301591937307,9032.656838956309,Normal Load
6004.910299599715,6.4088972681526455,9097.616025804118,Normal Load
5937.819990902197,6.555094384577685,8903.977341387072,Normal Load
2098.218104376354,1.3923000432346848,3172.332009734191,Light Load
8886.340619560802,8.383501675393783,13427.351615930844,Peak Load
1783.1651215124668,1.8829184726906623,2593.7902180881033,Light Load
6106.699709242588,6.764920311945465,9194.879375938917,Normal Load
6170.114832315974,6.3848087337878985,9142.509630539731,Normal Load
9078.273398214476,8.982819463722203,13561.55270065472,Peak Load
1905.246559461764,2.854981506867161,2861.3835650005053,Light Load
6263.781077205113,5.712240470642893,9320.132041565577,Normal Load
6076.732490354698,7.030781136023495,9178.330298744342,Normal Load
9344.438689816494,9.371760318596028,14032.76922234381,Peak Load
9141.100271035864,10.010008358611877,13822.677423347059,Peak Load
8956.12133658604,9.2877868105703,13381.548601443139,Peak Load
1799.942596788945,1.901316167660078,2676.5001890993813,Light Load
1681.1361847088863,1.350473468786031,2421.750261273593,Light Load
9256.140764530945,8.80931222984114,14018.835301300269,Peak Load
8916.46651442623,8.95725175783158,13356.533376583684,Peak Load
1908.2685843227696,0.2121356157476646,2966.892875667199,Light Load
9003.96102244737,8.990288037599967,13524.710475067697,Peak Load
8958.147903388535,8.84703189302226,13350.962296353002,Peak Load
2164.135459510598,2.3263991127904164,3306.6650449764534,Light Load
8932.821885617283,8.645522345046524,13307.72132283255,Peak Load
5940.786921422883,5.488645589015897,8884.160127557434,Normal Load
5737.500397699886,5.561398323518834,8723.8725541308,Normal Load
9231.29943033436,10.27787028481313,13700.057008738526,Peak Load
1920.1273981565519,1.3832672616226342,2874.734472886942,Light Load
8845.569962735606,8.827775331680177,13280.961970892193,Peak Load
9062.689323947186,8.323953219237326,13679.16556311194,Peak Load
8464.577043715977,8.622537204398522,12789.047737558769,Peak Load
1874.2618652679605,1.7683183101118192,2601.5631117162875,Light Load
6215.230994528186,6.665239338646329,9445.895502037038,Normal Load
8848.441224515174,9.778780826213277,13251.156078583439,Peak Load
1997.9622543171217,2.019854675776235,2861.663813468106,Light Load
1886.4746207584494,1.0788455813455076,2778.3110516293978,Light Load
1750.4956964608175,2.4936254383336127,2637.977607646738,Light Load
5844.987918670181,5.590559824869021,8519.53012923427,Normal Load
8886.835231878287,8.635195851883283,13220.661215793103,Peak Load
9442.14132659436,8.489202728033886,14306.579488149813,Peak Load
8814.281347288626,8.6111523556964,13224.165332432347,Peak Load
2397.7613104857846,3.0421269371397752,3542.2314615832365,Light Load
1949.9771531889523,1.8032653375812515,2995.5469502481815,Light Load
8703.96371129016,9.295630916895425,13216.307599665188,Peak Load
8948.51346706779,8.294325011309432,13565.452579393152,Peak Load
9134.129739183618,9.589769757367382,13719.912000952616,Peak Load
1644.2075761339358,1.1702631232694547,2498.6167201959993,Light Load
9015.160502635981,9.011847507124486,13593.449000805707,Peak Load
6185.27852536178,6.372746904250979,9293.449482109434,Normal Load
5921.895862454644,6.225182900154479,8923.062317378783,Normal Load
5837.956648283129,4.881381221716815,8691.649184085227,Normal Load
1990.6757193122453,1.6107052648679485,3135.5230639484234,Light Load
8788.229542429155,9.163365930443133,13171.601686398997,Peak Load
9138.88988046031,9.383136980372903,13709.555933997375,Peak Load
6081.392069809413,6.711789683440326,9027.402981042487,Normal Load
6097.525474750181,6.778590105361412,9135.229657364463,Normal Load
2097.619626317035,2.2605924136794258,3369.5860464527605,Light Load
1858.0421812199472,2.088533968056968,2872.8379867847684,Light Load
5775.719371442896,5.91884703864815,8568.372845765742,Normal Load
5934.417702078589,6.437554486222644,8898.066920402991,Normal Load
6323.110520801268,6.442680278908874,9624.232256263289,Normal Load
6416.6651155702475,6.232670445445125,9462.030127915212,Normal Load
1709.7220209139316,1.4568494974479906,2498.9738655112924,Light Load
9032.131901737273,8.024881047074818,13594.773348061673,Peak Load
6379.781446583445,6.356398576042136,9568.822121147507,Normal Load
9060.803581242413,8.29573437567602,13717.358752828028,Peak Load
9089.416727316964,8.860239982563893,13505.607920056364,Peak Load
9077.927596841982,8.577651426374612,13607.856539365828,Peak Load
6088.383052437776,6.1329165215337005,9171.15424826385,Normal Load
2099.461181280053,0.9130282466973716,3410.4631572278977,Light Load
1567.5706488790497,1.5282573421027317,2384.234685928168,Light Load
9088.680327764838,9.17423113728817,13704.219546837627,Peak Load
6017.097882498091,5.646524181475259,9142.068396427914,Normal Load
8955.122367507614,9.593641562207317,13389.562702170479,Peak Load
1884.2933230555216,3.153323034672547,3002.843226324069,Light Load
5771.267404044233,5.503416872047609,8588.281910221343,Normal Load
2442.216214820335,2.4963147762561597,3702.9252117342535,Light Load
9028.402643751655,9.220762835409298,13560.987605417873,Peak Load
9127.743257349128,8.942679617672603,13648.65279798574,Peak Load
5804.642571133173,6.079178249461149,8520.855142071925,Normal Load
5860.105384566222,5.64398737738313,8830.999107837488,Normal Load
9407.255497631952,9.477108842250066,14114.391445004543,Peak Load
5805.925893533466,6.147742695042101,8832.407893865757,Normal Load
1933.07763248772,2.930164939613137,2792.063472691741,Light Load
8937.385493592214,8.603848208631549,13179.022725494071,Peak Load
5792.374581660088,6.397745155727813,8740.497655611325,Normal Load
8886.989789522062,8.445616216541222,13247.032181096416,Peak Load
2298.089445246667,2.472041633889413,3435.3455505295624,Light Load
2110.9264451734302,1.2818349528995183,3010.355986958583,Light Load
1913.9065024395402,2.967026317233745,2897.37311848017,Light Load
8926.167911771332,9.680270256355996,13452.640362270145,Peak Load
5780.764995570978,5.205912702355369,8763.672141386904,Normal Load
5885.43351256063,6.087697287883303,8817.56340204389,Normal Load
1859.0243611743545,1.9790502404937107,2784.622608328267,Light Load
8584.597832114376,8.427168373736679,12848.760308710156,Peak Load
5860.520122180267,5.399382093171316,8735.960576155736,Normal Load
8959.1880308271,9.58383174423706,13396.55366681315,Peak Load
5952.02011972184,6.170554720696147,9030.384227424538,Normal Load
8936.660815575025,9.42595598969483,13394.901295187523,Peak Load
5846.608152760313,6.592766365421408,8761.160328092508,Normal Load
6052.4014397383835,5.891709842712092,9080.397531357636,Normal Load
1985.8265485848312,2.0710260551277466,2999.8811509794164,Light Load
1725.0141620143052,1.4591203245295985,2758.7349210348843,Light Load
9080.670265438066,9.39437415660446,13788.097157362577,Peak Load
8871.599150028378,9.521194492513253,13203.029419145916,Peak Load
1915.3987403353594,1.5988512161760622,2982.0829344153863,Light Load
8895.164501785903,8.463868065410079,13468.836082441807,Peak Load
2289.3153521958,3.6279756396433527,3276.4339065122076,Light Load
9134.277334680446,9.097702450701801,13536.227040764994,Peak Load
8915.330105374858,8.461637804194227,13326.479188530522,Peak Load
9079.54354584799,8.642987554097305,13669.62871420914,Peak Load
6002.369518224956,6.918351990579371,9082.179626629202,Normal Load
9095.613814760129,8.41132871370105,13638.323317919387,Peak Load
8992.893567108262,9.536048692068752,13299.56207566614,Peak Load
1863.799738650278,1.7445279042935211,2935.465044271713,Light Load
1926.0588913361403,2.1937677499581163,2779.5272546804417,Light Load
5746.9069945646015,5.7117882378844085,8493.277286052955,Normal Load
8947.068636913624,9.744966755637803,13472.869632024065,Peak Load
9139.936344267284,8.799830605701043,13619.06086450726,Peak Load
2133.3991766105228,2.866419646595355,3133.193590048507,Light Load
1791.4080219005732,1.3351092914075164,2636.049155950513,Light Load
1709.684302474543,1.951859034203402,2584.268935702597,Light Load
2402.2850171674295,2.5039652498381484,3725.9858471790344,Light Load
1847.1727621577688,1.6618222487002852,2757.5094759865274,Light Load
1849.9471958067713,1.3466294430297612,2981.1960711109564,Light Load
6085.556904366922,5.310202143353146,9146.547812486802,Normal Load
5969.093699473065,5.965131657761549,8948.682168781512,Normal Load
6156.946569613008,5.997366154816577,9152.149561545762,Normal Load
1960.6821533704403,2.321716415325262,2777.0138419004647,Light Load
2162.1274829604467,2.2524561465266957,3250.386871445013,Light Load
5854.2218782411355,5.607525819315928,8795.807511136903,Normal Load
6111.49255186808,6.646772520405191,9284.244818870564,Normal Load
2236.4675170477735,1.9266010678560734,3371.7942694384815,Light Load
9098.975646528153,8.597459635716216,13728.801952032376,Peak Load
2151.8803536302066,1.2183572617342162,3318.0077200829146,Light Load
8989.811766114553,8.440601809852971,13445.16176510666,Peak Load
6060.0780837597795,5.561106199486086,9115.715622950756,Normal Load
1977.4670017590206,1.9460215254627604,3031.7648496251086,Light Load
2664.199870712073,2.695364323659546,4083.5930358690866,Light Load
1621.4027152877545,2.355557746602558,2473.5523561794957,Light Load
8490.703623619835,8.61978841094809,12541.028707856192,Peak Load
5719.244594344448,6.0245380949220895,8417.936023660357,Normal Load
5994.11044477341,5.3667892469366825,8944.654062531023,Normal Load
2260.8276475336424,3.1166041251614915,3245.409832488043,Light Load
1720.9569840395259,1.86400965607609,2548.606933699859,Light Load
8746.519060998651,8.393558118539621,13011.712164221755,Peak Load
1899.7546487476022,1.358269465527675,2921.0905803800706,Light Load
5844.095616892269,6.152052575754643,8739.424458657924,Normal Load
2044.6996699439017,1.8879677408755078,3072.3167269708106,Light Load
8912.326817625079,8.60217386959935,13360.831515797265,Peak Load
1634.5110600033536,1.7839788554942175,2425.7072482865838,Light Load
9367.990159386787,9.574522157487438,13867.94872508646,Peak Load
6099.029662186228,6.293797515064991,9186.380269417135,Normal Load
5888.9736056562815,6.453656184585478,8967.737130482714,Normal Load
5777.673322054865,5.870280105489704,8618.970608465279,Normal Load
1950.2726748053383,1.1270542342002536,2951.920115061098,Light Load
1916.9063811358196,2.318010606910715,2701.675295888004,Light Load
9017.620620470381,8.828306415913161,13438.506125585163,Peak Load
2031.6405936009076,1.951873900648456,3024.2404462975906,Light Load
6166.366315163757,5.907355609618827,9322.074578217198,Normal Load
1991.1996984885755,2.7428357204354117,2972.6315205813776,Light Load
2134.412901125143,2.8068549210380613,3156.249544354531,Light Load
8830.856425480471,8.519662699660156,13320.992210605025,Peak Load
2090.595004971554,1.5210918451645101,3176.327843464241,Light Load
1354.2049571861512,1.1598219976673296,1981.2123603005803,Light Load
5884.100231683527,4.8842093814169765,8864.467945360313,Normal Load
9292.704673051372,9.101495344147247,13926.741828054328,Peak Load
9233.007954341307,9.183709679215035,13851.94899991762,Peak Load
8970.102507221125,9.786006587832654,13644.521026158152,Peak Load
1809.3909038358156,1.5130860042735137,2632.533395676573,Light Load
5982.145534475773,5.422698922529917,8816.17903664122,Normal Load
6157.99382824613,6.429369927965263,9206.207784689193,Normal Load
6280.256547830812,7.137654628862985,9269.00841830505,Normal Load
9181.619716649026,8.953414455664266,13824.198265264286,Peak Load
6223.881778954878,6.672263103858213,9203.894971421352,Normal Load
2240.4673836564043,1.6877384190843832,3331.386003319185,Light Load
2017.2254030730758,1.396690132202043,2979.144090707244,Light Load
5954.978535849246,6.909538437560181,8912.55407382328,Normal Load
1533.762212653821,1.4291348743962,2377.990875499147,Light Load
6039.84643120172,5.558793613144826,8912.18640207329,Normal Load
1959.8683621865152,2.7138214640276046,2882.495344457357,Light Load
1766.3632715198983,2.1991742707384385,2678.224755052874,Light Load
5738.6949832729315,5.8357042982742415,8606.56908125203,Normal Load
2055.1368758361814,1.88450269761306,3076.6058548388546,Light Load
9065.845581239077,9.194023045906395,13676.608956098913,Peak Load
9071.66495099493,9.281433555828563,13498.570804488047,Peak Load
9033.837824867061,9.133099175935916,13570.894426689933,Peak Load
8898.752319960255,9.334945767331707,13461.323381477541,Peak Load
6052.685439607353,6.007884697713478,8956.622639801646,Normal Load
1900.9527183296648,2.1432872099030438,2788.079065752503,Light Load
8430.355877023829,8.917219722740457,12656.915927060927,Peak Load
6182.67426439826,6.589447545731351,9338.372949294018,Normal Load
6205.216400334411,5.420009907548132,9328.516148099638,Normal Load
8948.602966953727,9.214554739273536,13564.425374489729,Peak Load
1777.8997077784984,1.9221912436880653,2636.278118934359,Light Load
8969.838062354707,9.242824283596446,13443.625945097641,Peak Load
1836.6769774892798,1.47132254520364,2738.7531108578423,Light Load
6279.132871126524,6.780045239322409,9306.20837898062,Normal Load
8870.34000153524,8.231527706837202,13100.42906536359,Peak Load
2533.380655332282,1.9069418462112804,3904.446140890988,Light Load
8807.713378921571,9.751968855156203,13329.768550782557,Peak Load
6037.674771822623,6.535556746805344,9069.044632540232,Normal Load
6331.0879390722075,6.13738835273637,9594.130131563232,Normal Load
8963.49235846287,8.541097356371093,13375.373985325328,Peak Load
8667.477577041554,8.52920951098448,12948.572868273774,Peak Load
9075.68028583311,9.33646668637207,13422.09717009987,Peak Load
9235.379892936644,8.75932988012489,13822.006253471673,Peak Load
2093.0146654812247,2.352721816638173,3149.7782415196893,Light Load
6062.6688917662,5.964086872227677,9260.3467632456,Normal Load
9144.856622088408,9.174063806817477,13803.198597244767,Peak Load
1686.2439404228476,1.8106607701876891,2545.4618863586734,Light Load
8810.03118954432,8.55078029545474,13133.732437357827,Peak Load
6017.488569805552,6.246918302997949,9071.209467176433,Normal Load
9355.496163155227,9.879757428736431,14100.989743575932,Peak Load
2052.784964894363,1.8247441092315777,3095.02796107802,Light Load
2263.9638705306907,1.4915061096683995,3153.5184132669965,Light Load
9053.273162611136,8.93111071445131,13598.612479013547,Peak Load
9245.77548042945,9.89369564935436,13854.270651646128,Peak Load
8786.672750538577,9.110690770595225,13174.599276357761,Peak Load
8996.00297466462,7.994776882283471,13552.279769199586,Peak Load
8849.348054056763,9.72842713933527,13218.462850739885,Peak Load
6065.261422224473,6.959970297242454,8993.108381711792,Normal Load
8881.592983232113,9.797312739700423,13208.438570130136,Peak Load
9120.689384845267,8.637079042719511,13757.124527192573,Peak Load
5828.703248918016,5.898487004524244,8714.351462606095,Normal Load
5820.083816273193,5.786063333216888,8807.409382615924,Normal Load
2249.340145626985,1.2169249321453528,3492.355362992226,Light Load
9123.289530266215,8.896896230178914,13670.414821716482,Peak Load
1805.029165744054,2.3176681863222264,2785.589469525494,Light Load
2094.6482981895088,2.213836351913636,3157.1510344811,Light Load
1972.33236865806,1.277860940575768,3094.677379168591,Light Load
1770.5199281397902,1.548755738391816,2679.1870901322786,Light Load
8832.17930895397,8.458382192339418,13409.927132163644,Peak Load
5838.831928306823,5.592497626575451,8815.92909888336,Normal Load
9247.623088575496,9.540770997680433,13921.501352512665,Peak Load
1890.010841172309,2.027584372880472,2804.282946192253,Light Load
2374.711243238768,2.279386227033822,3486.2569303604037,Light Load
1889.3629990013806,2.2027507854575923,2866.6550737502066,Light Load
5948.680833168447,5.595218072872974,9063.307546894073,Normal Load
9126.841566573086,8.812750782599315,13711.49955566651,Peak Load
1963.3489362638563,2.2470506675562554,3033.882661955444,Light Load
1997.6635858649242,1.709578488262458,2966.3130987501145,Light Load
1804.7949212269473,2.7319750997631482,2811.9223034583647,Light Load
2023.0752559814612,2.407840840426295,3035.906798607691,Light Load
2131.814002489,2.160221814998279,3211.67294917323,Light Load
6360.675078960033,6.93688086634383,9570.790436162166,Normal Load
8719.31637439357,8.975269460464594,13193.354477303415,Peak Load
9197.74717680858,8.907265676413257,13653.431018669246,Peak Load
6140.7159746856505,6.696746051191538,9169.859521678427,Normal Load
9109.455550309234,8.378519035919048,13566.923410009435,Peak Load
5782.962422080165,4.996820099350432,8724.110224542354,Normal Load
6109.5561300975205,6.71074390013777,9193.74105878253,Normal Load
6264.5127294548765,6.416076532411734,9264.380024233644,Normal Load
6050.244460204734,5.891968681273783,9109.91059132644,Normal Load
6035.636634086607,5.469400756313399,9117.555693275859,Normal Load
9133.479716092696,9.398267165435211,13626.165256057866,Peak Load
2340.544425244863,2.2658640177489358,3510.4438167166813,Light Load
9085.429755953546,9.229216065840102,13580.550285375704,Peak Load
8967.738179588589,8.54008976142776,13377.881875113599,Peak Load
1731.216167949397,2.9360424583018117,2873.2264719517175,Light Load
5781.777398499557,5.307275354451844,8778.436105321513,Normal Load
1891.9100068495752,2.779838363261593,2842.6357923733085,Light Load
2119.9723337661467,2.915831845509758,3133.915518226427,Light Load
2310.1164972115225,2.4634586676948502,3652.1642610768454,Light Load
8962.434256433768,8.709785511685267,13277.19133623713,Peak Load
6094.0599781529,5.629599902415614,9240.547425054956,Normal Load
8948.257232187538,9.319861084298052,13356.944275863432,Peak Load
6060.658878366665,6.264877317733884,8940.887517960564,Normal Load
8865.868069489963,8.95922256627743,13433.171314250792,Peak Load
6030.096845533526,6.163578014430175,8996.577698864883,Normal Load
2088.265968827366,1.734478200499111,3135.785555441409,Light Load
8925.214242389426,9.585235637934895,13432.809786703432,Peak Load
6035.382146114979,6.804971383090366,9047.659159153292,Normal Load
6022.560266610099,6.015262018809964,8969.514289631517,Normal Load
9144.305794407392,8.865730010556202,13686.947440292155,Peak Load
6097.563212663842,5.236830352217193,9272.51498402492,Normal Load
8928.400094067183,8.805861119506556,13454.375993321304,Peak Load
9041.760295793292,8.787528300535401,13710.87249519918,Peak Load
1931.938933565196,1.2531054169334008,2763.137823370718,Light Load
5768.718696414526,5.579102646682522,8765.973039139642,Normal Load
9191.504129866373,8.964875272787925,13582.440173585273,Peak Load
1782.6519438062742,2.2152224786744976,2691.4067678524875,Light Load
6251.290286344242,6.140375027165486,9412.118936930527,Normal Load
6256.720398650507,6.79354764715406,9440.583090620265,Normal Load
1838.4738819122338,1.9641485577007367,2704.469315469907,Light Load
8967.626172010008,9.245809857599928,13529.723503579084,Peak Load
6252.41252870598,5.731616772309358,9406.089015550855,Normal Load
9354.60755798432,9.066606941938437,14042.335174805645,Peak Load
5967.911787658168,6.3857062999220835,8975.187748510292,Normal Load
6147.00964431999,5.898719512546852,9186.481296456035,Normal Load
2110.350916889297,1.4020816371986362,3140.1919364065466,Light Load
6315.713231681573,6.78922189485229,9443.05478852536,Normal Load
6079.1632440266385,6.777596734592113,8981.585401087224,Normal Load
1916.9121493232465,2.998897117279633,2871.3444120101476,Light Load
5997.674279745272,6.298519526557769,8979.190992801043,Normal Load
9200.794109044167,9.5812063649092,13868.977727720843,Peak Load
9181.51919859254,8.826875270292984,13759.328338238358,Peak Load
9403.432149403394,8.50149015368635,13945.603183264562,Peak Load
5600.330305394599,4.678709241064502,8248.410387396501,Normal Load
5840.856166647268,5.99190017499479,8828.50307658167,Normal Load
1753.214569056448,3.0137783299048726,2815.1201835967927,Light Load
2076.0274020898014,2.1950564533898382,3252.745446723979,Light Load
9239.065211176703,8.925518978660271,13745.708457702453,Peak Load
5936.598562957508,5.289227824025372,8932.291596667606,Normal Load
9008.523410414602,8.669841694043825,13397.898400968234,Peak Load
6032.63714039888,6.451457153116361,9126.663684115734,Normal Load
9195.4171116382,9.34003334752804,13655.171231886487,Peak Load
2281.1372316324196,2.6167236797919813,3546.626823386563,Light Load
1616.6892005876102,2.5089735557852713,2534.543229944336,Light Load
9325.53943807428,8.726560302955342,13922.027721097122,Peak Load
2157.2996509450168,2.1234270464377962,3354.0391996647722,Light Load
8885.64454353264,9.214618602273024,13338.613955122939,Peak Load
8791.095446621392,8.82442480645248,13112.874629925078,Peak Load
2274.9027310303454,2.436478306814465,3251.9396116950807,Light Load
1783.2884458292488,1.5354077614319126,2577.5501747544054,Light Load
5880.607787404368,6.301343676557749,8812.165405067188,Normal Load
9158.095963183665,9.492360515173123,13818.054531226095,Peak Load
9092.078975816614,8.990746409325595,13640.501265772398,Peak Load
2440.121682740407,2.7836498870059048,3641.1380087467746,Light Load
2035.6999568360297,1.455650577329497,3061.29580976531,Light Load
8758.234278430342,8.402965080678523,13247.120271564814,Peak Load
8942.76078960922,8.46876181530906,13377.134536411402,Peak Load
8596.134925284598,8.87744028297784,12907.89196421325,Peak Load
8537.488430707053,8.276165694939902,12824.894980080986,Peak Load
9085.395615771093,9.06890725925289,13614.83036925379,Peak Load
9083.908441797083,9.222022086385072,13930.288074113081,Peak Load
9093.524620338152,9.099243639389165,13395.7256146649,Peak Load
2130.5130965662847,2.289753995888382,3212.9448258049097,Light Load
6350.982276054744,6.110700455459341,9639.040599949565,Normal Load
5834.536648600078,5.523382793898885,8686.783652610626,Normal Load
1983.2254560966269,2.044614056115482,2990.5841312931084,Light Load
5869.052941134121,5.681053236950203,8645.474175024732,Normal Load
6290.856330320939,6.4127869991593425,9450.795426099381,Normal Load
2269.7600789669996,2.1432918119314435,3364.1668832779123,Light Load
2118.3316798319775,2.28703524976862,3276.313446765186,Light Load
8466.456099193982,8.091346843945022,12608.100782235197,Peak Load
9020.993132697848,9.430228295572762,13480.660874366366,Peak Load
1851.3404436028463,0.7002698032717443,2571.18597386065,Light Load
1807.9506232589868,1.9507580197042527,2677.2936288137776,Light Load
8677.553776880917,8.996983502270465,12845.308890566383,Peak Load
5672.101325947446,5.8825981531564135,8682.05870166035,Normal Load
2032.1408311042983,1.538639350469118,3077.8842968640847,Light Load
5867.799758234806,5.3595387190446715,8674.379396557979,Normal Load
6259.3010262988155,7.527638173712687,9452.248946344112,Normal Load
9198.40543547447,9.288133303077897,13752.853461643763,Peak Load
8947.08493977452,9.696290306679824,13366.467202072025,Peak Load
9025.637085269886,9.200126056808488,13551.739794900433,Peak Load
6119.722637367237,6.672520996533892,9019.94395651182,Normal Load
8961.62185863156,8.334272818801786,13429.928327276835,Peak Load
5585.598697684694,5.422666054464997,8326.955867027882,Normal Load
9035.988565828502,8.850798280277502,13610.225124880737,Peak Load
1850.0713578142183,1.7816668302716407,2832.434864818857,Light Load
9161.393087600873,8.586920286320188,13637.093087701522,Peak Load
2412.867585081808,2.177501678523366,3498.304230736029,Light Load
8713.51238130208,8.98632348380375,13134.907923939169,Peak Load
6042.03999226647,5.933124489960039,8893.740184048555,Normal Load
1704.4320184994342,0.7526018533077279,2499.4299450751423,Light Load
6371.536432377932,5.337209314579515,9635.491896124075,Normal Load
2027.5209773077047,1.7753730131670253,3101.830265058987,Light Load
8872.507790061598,8.903157035782543,13340.260812456889,Peak Load
8938.705462329737,8.705260171592514,13314.183945848887,Peak Load
5685.334995813055,5.431759839965482,8436.129694839501,Normal Load
9050.339147239962,8.506717091699382,13446.117153178271,Peak Load
2113.8993082668285,1.2339093191208554,2961.14026631666,Light Load
1930.433002584647,1.7015446011624629,2836.5474924976184,Light Load
5971.501573302853,6.026665519444084,9158.935286195258,Normal Load
1859.7302934869292,1.8952391962010322,2751.8993514470208,Light Load
5975.081289751447,6.501653641554084,8988.593134372984,Normal Load
2250.718455357286,3.0542585156005435,3363.856225703398,Light Load
2123.0316281074943,2.6183796716484755,3359.59081596539,Light Load
6222.219703854565,6.0353844394959335,9358.92841094931,Normal Load
8820.889428354905,8.781759481217733,13179.841968048186,Peak Load
1976.8986850288181,1.7907075905504386,3042.0535911409274,Light Load
2379.319465946916,2.2184278952170944,3523.845915214239,Light Load
5941.517889967237,6.421153124716806,9043.47056370641,Normal Load
8798.02900140094,7.720676803267639,13295.08639972523,Peak Load
8706.46049690249,8.92135255827847,12832.337050428929,Peak Load
9075.10230309278,8.684190086998793,13670.718352069702,Peak Load
8735.45662578683,7.993996618901003,13410.554892128814,Peak Load
8876.025219833979,8.979412764234292,13467.673341286001,Peak Load
1968.4187580403432,2.1203186567203063,2979.7744966230534,Light Load
1840.7181632059467,1.4206865252148204,2826.403313803615,Light Load
5678.103242939305,5.748640017305021,8553.533274362675,Normal Load
2241.0712531968807,2.3759682802780424,3403.6604554500254,Light Load
2030.6623622658633,1.8773697444730646,3135.202053024459,Light Load
1878.7101329423504,1.7038768370870354,2837.9346099235263,Light Load
5726.996974467772,5.580463454320229,8650.950645676929,Normal Load
9119.166713916291,9.287239272428838,13618.361906638733,Peak Load
5942.451762832599,6.244724102700009,8982.306432963172,Normal Load
2136.915430858194,2.017814898024249,3184.0666495101414,Light Load
5435.002317925454,5.065911868445138,8352.563331902018,Normal Load
1914.36561087493,2.0636629203761476,2896.9864933792005,Light Load
1948.4988559969836,1.7824006005740896,2820.479906073123,Light Load
6048.636440389873,4.739520317125457,9099.533296825419,Normal Load
5604.565364051505,5.949210260379223,8368.497646661672,Normal Load
1951.8604029263329,1.7597340301316537,2867.939665579893,Light Load
6166.467170110343,5.8722098969240095,9406.317752620052,Normal Load
5693.816847118945,5.411675039520891,8645.47306822641,Normal Load
1932.8356000957262,1.828972399136683,2835.319838652972,Light Load
5905.868902485494,5.759914334996077,8666.084780597239,Normal Load
8991.686002320512,8.782735637869253,13532.556491511754,Peak Load
2131.7433453414474,1.354952663354989,3187.0115876504924,Light Load
8705.299949829541,9.473194866159348,13032.916834061578,Peak Load
6236.842247682845,6.265395222711076,9266.70794530403,Normal Load
5929.153330534368,5.848894012433558,8964.220873895916,Normal Load
6082.308331122013,5.913818009709962,9073.146577826386,Normal Load
6460.438024710885,6.099272461804808,9597.103299799961,Normal Load
6265.137594833896,5.921081379755061,9284.352676766992,Normal Load
6316.021541943677,5.574066716684747,9390.582701300891,Normal Load
8854.354849353624,8.78612394012921,13297.399236996078,Peak Load
8745.727114890718,8.957167877215312,13244.794023573366,Peak Load
6161.8086101119425,5.976765185049865,9227.902300333804,Normal Load
5869.498069296696,4.53693039264165,8902.602483692159,Normal Load
8935.765473413605,8.76891214617469,13442.525875640149,Peak Load
6105.291872025711,5.862863710501268,9315.210856444664,Normal Load
2005.4213920834488,1.9462068674187902,3056.8387534637855,Light Load
6324.406883185906,5.836393792453976,9400.037122229387,Normal Load
6048.5280078919495,6.154451926434232,9199.109015483897,Normal Load
5554.670232590819,5.901794355926239,8419.550250346978,Normal Load
5820.611264516805,5.429804878435883,8639.589167602233,Normal Load
8775.420511772778,9.085971425348522,13123.149068231523,Peak Load
1890.260166580811,1.989101888387027,2846.088944917229,Light Load
6210.076558247018,6.273165349595183,9347.21502108392,Normal Load
1800.7023693479155,2.219282946853542,2719.7459910153666,Light Load
6290.376008145891,5.86490059656667,9399.330543053651,Normal Load
9407.652944099866,9.089970410414956,14261.653934899621,Peak Load
5643.019330332054,5.130752650510789,8457.948771509393,Normal Load
5907.487093201084,5.805576197549562,8856.488669505425,Normal Load
9193.246903188445,8.62913587296348,13783.908880559122,Peak Load
5808.83078394105,4.887293280064109,8473.580092060645,Normal Load
5933.490347311434,5.537791108707084,8945.9300082508,Normal Load
9016.16060564972,8.911304627334854,13673.330562702538,Peak Load
2004.9141267458776,1.7108707439315312,2899.0540270490355,Light Load
9078.252646716897,8.69107783055713,13616.690138165739,Peak Load
8986.928791684897,8.601738604964714,13466.255453191563,Peak Load
1730.9035821901375,1.3319859314687919,2462.772264890832,Light Load
8854.561423203977,8.926936779921489,13322.699943182126,Peak Load
8712.353572630633,8.459969798319403,12690.695779749423,Peak Load
1980.7104251943047,1.8848819481771493,2887.506142967317,Light Load
1973.14922740187,1.8905757726223171,3131.2884372681797,Light Load
5800.770478264283,5.410168441234752,8624.422553265114,Normal Load
9019.030633604976,9.50123300932994,13536.813694285678,Peak Load
9043.585321745839,8.299116439231227,13530.678433557256,Peak Load
6212.020725292532,6.316085493303653,9421.088793321616,Normal Load
8931.5873349008,9.114040808474307,13376.589903752505,Peak Load
1693.4409681017612,2.565977763803793,2433.834896519211,Light Load
9002.200302707406,9.797613952169462,13443.91856245276,Peak Load
5874.425514956217,5.29101484596938,8806.93217399166,Normal Load
9004.350630954008,9.049739592073829,13557.930369888087,Peak Load
8797.527067310435,9.66909543729056,13178.01031648709,Peak Load
1527.4277224397872,1.2341709208622018,2287.653096497895,Light Load
2021.6366852801518,1.9654995519261593,2992.5350687755263,Light Load
1859.329547813638,2.0842242020947044,2803.176440827194,Light Load
6012.447735258518,6.063248433307976,9312.852881285942,Normal Load
8892.963408252044,8.926910682611426,13388.782838655708,Peak Load
5872.721665259442,6.1236951622026785,8719.987986456244,Normal Load
1961.1813347959367,2.6891167491410464,2870.171943415287,Light Load
1788.714613410084,2.5879559526534806,2769.3226587098193,Light Load
1749.8333155365685,2.247666474297284,2552.955562634358,Light Load
9031.773379527769,7.855386608724109,13641.639597686608,Peak Load
9050.853472392246,8.595339918963527,13525.678126850304,Peak Load
6202.185629616374,6.1149395012280285,9418.02982999304,Normal Load
9218.335065316523,8.56105760496627,13965.196400891757,Peak Load
2146.925525685285,2.3385137480078284,3160.765576973243,Light Load
1886.6979503613902,2.0857513637213216,2877.330400129594,Light Load
2338.561481471627,2.3504647304259207,3451.1426352868757,Light Load
6076.508690432957,5.951828079989688,9088.483797242076,Normal Load
9173.805573914515,9.880698903816729,13684.789254526877,Peak Load
5989.738628306046,5.665762884616274,9001.884266175213,Normal Load
9439.708850973346,9.737726651139354,14292.422594191139,Peak Load
2158.414001063769,2.205951934231005,3125.992404462718,Light Load
2366.224162412198,2.296115896749314,3457.8443296336645,Light Load
5740.975047801455,6.073128521702078,8503.995659254813,Normal Load
2239.329153668093,2.4006566776926874,3466.883374003631,Light Load
2064.513098411952,1.9625507868084375,3002.27844526147,Light Load
6074.501118051347,6.302962901606225,9233.309075221798,Normal Load
2112.808337656126,2.3265296110347173,3224.3913721870586,Light Load
8784.74608119958,8.93011793158757,12996.505065477291,Peak Load
1929.616755628123,1.1906600722942469,2933.644423581517,Light Load
9029.050092782814,8.951177368228542,13547.046367922656,Peak Load
6009.731365481762,5.6593095645192,8949.35611857766,Normal Load
1921.052313565137,2.40144155532884,2845.118563777361,Light Load
8944.838793939012,8.787893419112683,13368.404449018675,Peak Load
9205.13954202999,8.444717421306292,13969.075128587901,Peak Load
6289.50918073205,6.400758173974288,9434.695003172668,Normal Load
2047.6529165760383,1.5390673104830541,3163.613565238407,Light Load
9105.90141008554,9.652027894616527,13449.856930728023,Peak Load
8959.908753096586,9.467818213560474,13477.404817782559,Peak Load
8811.636441717046,9.391782099997366,13164.908726518348,Peak Load
9129.516371366282,8.272861865427553,13607.866064703458,Peak Load
9087.244844771083,8.548666951606789,13670.640688453686,Peak Load
9181.663044457651,8.895777474300083,13785.387334756457,Peak Load
5616.787139321736,5.704541344630385,8509.831820328563,Normal Load
9209.34083839292,8.21752804108012,13802.797019412566,Peak Load
8811.784146161935,9.26554266638753,13234.6779899798,Peak Load
5837.348602139512,6.338917951965298,8748.17542863052,Normal Load
2058.3896605122127,2.0995991283985402,3103.822317830508,Light Load
5698.7614358974815,5.991985152577881,8617.296296606102,Normal Load
1672.99036841871,1.7080628676354679,2739.123100758829,Light Load
6181.905649980985,6.26533566430168,9101.918701305012,Normal Load
6099.51869885637,6.46654115048231,9201.424110256228,Normal Load
1997.0643197177399,1.782166251927621,2869.864621066866,Light Load
9285.606523375189,9.241458136050737,13838.613159530918,Peak Load
9063.424817128795,9.064829959012448,13651.374898695674,Peak Load
2237.097278879717,2.262204496529794,3304.760791738426,Light Load
5859.947259530555,5.445927230014181,8674.099444455456,Normal Load
8848.44720197033,8.481045587011911,13527.044435156042,Peak Load
8787.581970244732,9.252981047969243,13119.67556712796,Peak Load
5778.277106727472,5.888960135504009,8644.11337687424,Normal Load
6090.800091974183,5.570293304777789,9168.754402179764,Normal Load
1835.487036045926,1.648696433571206,2752.959864285309,Light Load
1871.9885834559395,2.171208414731988,2719.547422690363,Light Load
8769.762251512711,8.247888916129165,13238.348696025572,Peak Load
2013.956591660968,2.6396706259240235,3174.1965033660235,Light Load
9018.388686557775,9.854889254024998,13411.926902762341,Peak Load
1954.2894761420716,1.782053246552259,2918.392283835533,Light Load
8972.38951702679,9.327210208192625,13266.763607383984,Peak Load
1943.552790999955,2.5267789198380513,3067.1304729182325,Light Load
8944.404770231962,9.09191432523325,13401.566587131336,Peak Load
5955.08698066697,6.008250455659009,9019.753153212512,Normal Load
1652.4290259556028,1.1719883348859794,2342.4256961524975,Light Load
8998.488270766775,7.855173247382581,13736.193049028101,Peak Load
1952.4667195965953,2.0925490044372705,2849.9344829088286,Light Load
1922.6913557434782,1.9610166195634924,3049.9514481465208,Light Load
6169.537022846582,5.984830071949047,9187.453845659402,Normal Load
1663.6825247908826,1.4223910183749617,2724.358869898461,Light Load
1838.2174270828036,1.7979882234266733,2872.5136941926567,Light Load
1695.8714604661714,1.9770301904157002,2413.51620254514,Light Load
8884.378226973888,8.34764035658217,13473.269523224464,Peak Load
1787.5952767965825,1.3969580724341577,2800.7519385071587,Light Load
5988.893239688156,6.014399220003063,8986.801425447773,Normal Load
9085.133012682929,8.843268571194372,13602.330970953419,Peak Load
5629.70257520183,4.407231353524577,8312.329859564961,Normal Load
9210.68443247391,9.633672378522911,13808.724575063774,Peak Load
6096.99314414343,5.804492337877103,9209.97919433062,Normal Load
1926.6620626580532,1.7712804748762232,3040.919010127202,Light Load
1824.000422467987,1.542839893674729,2566.835736851195,Light Load
5745.339369847714,5.2919501654033105,8671.212972521638,Normal Load
5609.944064557452,5.168127658722639,8310.787640581253,Normal Load
2146.9087559874984,2.148185209685434,3097.893633028254,Light Load
1888.7594873918754,1.2375265736031644,2795.3922527610566,Light Load
9129.261015346041,9.778744918336235,13593.334998408462,Peak Load
1880.2083798284498,2.088890524578903,2656.5925099055958,Light Load
8723.390393705877,9.139112124760436,13077.30964689346,Peak Load
9048.798178190073,8.98842963823066,13513.866062939422,Peak Load
1867.2225623506085,1.7093615553359744,2949.10605623131,Light Load
9021.340811741808,8.938309721939465,13600.042884995675,Peak Load
9100.40032465387,8.025972484238721,13622.927552793686,Peak Load
8913.62101877513,8.867176936859408,13311.536069555219,Peak Load
6128.307519775711,6.345397963684826,9269.567394902082,Normal Load
9332.583570285859,9.391110368855253,13892.904858328951,Peak Load
8927.730025399593,8.862517226704343,13285.144754861514,Peak Load
8716.401633909645,8.781213486947014,12988.474742747629,Peak Load
9229.539910076117,9.463300719164014,14045.185730932428,Peak Load
1840.2708648180464,1.7810872248620415,2723.5375697895297,Light Load
5926.2629364949535,6.132432200052402,8810.954402967944,Normal Load
1775.168519227682,1.7406460132230162,2871.915030647008,Light Load
8594.900576501963,8.20433811489958,12834.01505137948,Peak Load
9137.542255066614,8.754278424602054,13740.564452253057,Peak Load
5809.121785768966,5.81407891002681,8780.955538090882,Normal Load
1816.4832593473832,1.8890597685123152,2751.84307550194,Light Load
9348.336789054038,9.306042817059803,14029.051171290726,Peak Load
5730.925194673851,4.777366488962829,8871.151895301497,Normal Load
2107.119798752787,2.4677584049236496,3366.693028636818,Light Load
8643.774876994465,8.633990804106762,12850.269407616443,Peak Load
9265.235339335402,9.34711962805735,13925.467479867788,Peak Load
6062.674222721604,6.391885716502975,9026.134876656828,Normal Load
6139.997720041942,6.705962205719789,9301.152998251475,Normal Load
9301.116762857439,9.404611636330689,14098.468885262786,Peak Load
1989.7595699297174,2.398691246551802,3211.4785750102974,Light Load
6088.423721315989,5.665206680075564,9199.441246609795,Normal Load
9219.306348176577,8.933814514028844,13919.514951442297,Peak Load
5853.806512692315,7.344409453837209,8860.939084624548,Normal Load
9198.773948148175,8.571389641843991,13677.431056537502,Peak Load
6196.3502057453525,5.413500281560298,9298.907139723335,Normal Load
6018.326966970341,6.266609915985841,9122.263217016545,Normal Load
1906.808278408668,1.5310070288177422,2881.405947244497,Light Load
5978.562059494977,5.797318278814334,8880.630869738976,Normal Load
9085.328595563851,8.190632568437788,13605.717901718299,Peak Load
9053.828900757173,8.972045584991077,13594.837611712075,Peak Load
6094.149240696496,7.47703785423426,9284.287642840816,Normal Load
2356.9973391712647,3.1462351778739466,3596.991074446621,Light Load
6288.046528269645,5.851075009719664,9546.750332267917,Normal Load
6373.171500588541,6.515668599530711,9572.59325650758,Normal Load
1836.1041535691866,1.7652966782822785,2864.5067456644524,Light Load
1762.2253922567138,1.7710035365691696,2821.949619044896,Light Load
9201.115279538115,8.872203238938308,13840.790072720807,Peak Load
2064.0109066581967,2.5504161486503403,3117.5797761848708,Light Load
2056.838982245688,1.6105037445439407,3157.588587295783,Light Load
1804.792721007655,1.3593412313796884,2674.7562762854113,Light Load
6096.317048552283,5.8175040611416,9049.602410836154,Normal Load
1970.464359680059,2.391757355724822,2888.960746157288,Light Load
5782.209473430515,4.518024817210387,8694.813876991311,Normal Load
8915.780073622565,8.850510037557077,13374.636992709975,Peak Load
9109.760691473293,8.693899996172028,13714.11052279173,Peak Load
6032.591358623039,6.013686710594998,8953.54789285666,Normal Load
6048.981083894421,4.997001051446671,8857.518609235327,Normal Load
9052.081584561352,9.619785626709916,13615.546821949989,Peak Load
6174.425953378961,6.925511885095989,9348.83334889516,Normal Load
8940.215701149384,9.137635126619307,13409.43777881999,Peak Load
1798.0960130692652,1.8151453811763965,2717.8448498632697,Light Load
2051.7949036807154,2.6513174993042954,3030.552824226692,Light Load
2071.7320766570524,1.8399530632880496,3050.181067678993,Light Load
9061.387636363897,8.636059342933152,13547.501343316842,Peak Load
8392.361935686304,8.676972490120578,12692.131677716496,Peak Load
6236.024607550692,6.421938039667716,9445.611887102932,Normal Load
1561.3440618892753,1.7840899316243217,2292.6817088776334,Light Load
6157.355688721328,5.967877681050865,9250.486348267677,Normal Load
1879.560541940504,1.3571056887985473,2716.781502052498,Light Load
6140.669083586493,5.922608256722339,9112.59512471334,Normal Load
5983.354321830093,6.251196635105022,9058.360169524009,Normal Load
8974.217068833728,9.156565993377525,13462.566631253965,Peak Load
5675.2834309607815,5.711803348851265,8543.961966080633,Normal Load
2053.072267867695,2.4991488571005522,3219.5898046068455,Light Load
5404.864288278518,5.813357391849232,8029.086896892883,Normal Load
1740.2455287445573,2.651323352607807,2548.6329459129984,Light Load
1998.8117382434675,1.238491720244248,3028.1472417901114,Light Load
6103.941599214759,6.127364951726678,9140.860486791125,Normal Load
6157.473285354612,6.052260983757333,9111.355807491174,Normal Load
9230.877514937256,8.656939078381903,13817.317294835335,Peak Load
5790.9401705522305,6.042684080572853,8613.728115606618,Normal Load
2037.5136912311941,1.9887604991566972,3054.856880089487,Light Load
2201.7577144336483,2.030642858113107,3165.279722207214,Light Load
2154.4291663109784,1.9796066817884632,3264.2687203426976,Light Load
1820.6099827703574,1.4804551369063186,2778.028703418827,Light Load
1958.0920324729407,2.223939790260913,2819.736732265081,Light Load
6094.104972515432,6.107664745472367,9259.645258049264,Normal Load
8870.64325039503,9.452021968939048,13084.153672400378,Peak Load
9023.196183232967,8.475074565494252,13543.166818565887,Peak Load
1814.8766457860102,1.376432751077179,2743.701693061526,Light Load
6204.764417231954,6.367095494709321,9428.098373747504,Normal Load
9165.955116094232,9.196260725897009,13710.221912551811,Peak Load
5995.216514614879,6.38951407014249,8989.95446846778,Normal Load
6021.772127016713,6.5827850808700115,9009.77315883845,Normal Load
9217.434417923114,10.3461980655452,13791.056784386134,Peak Load
8966.121685538981,9.088861442861306,13463.943303287078,Peak Load
6188.695398011237,6.096896229069708,9338.468000484312,Normal Load
5859.732275533954,5.832584607891714,8846.707882383304,Normal Load
8924.867117953821,7.862519183637706,13335.881004973251,Peak Load
9139.841007314255,9.597288321227047,13667.559684726953,Peak Load
2019.0402170056723,2.0597959909045103,2928.8972696127844,Light Load
6355.497648955927,5.879103446887839,9571.228192121182,Normal Load
9084.737496816235,9.274862084081306,13741.151858018104,Peak Load
1883.423803662062,2.8410250808757027,2822.2932939134544,Light Load
9144.123809875053,8.88446522306788,13666.638678592088,Peak Load
2302.619682759379,2.3384103952675734,3420.156712826514,Light Load
8765.90914471489,9.41955609005794,13258.729342831924,Peak Load
1990.842967288001,1.0044725643652646,2993.6018112809634,Light Load
9267.009457656883,10.556645514104849,14086.905610719003,Peak Load
1406.14213019531,0.760188485598242,2123.688147345878,Light Load
5846.0719188024095,5.787530194927951,8776.4686058141,Normal Load
9143.488748722566,10.399138135576884,13729.97172988241,Peak Load
9001.439993031405,10.10210830940739,13595.371254742673,Peak Load
1965.3523784347678,1.6927324298930573,2882.109075736782,Light Load
9068.425755653265,8.863784457304735,13558.283983783655,Peak Load
8645.210264279878,7.51980815048076,13116.187062869638,Peak Load
1750.4324041935301,2.1821231330608124,2625.7198356384806,Light Load
5850.101098336791,5.980482892731066,8818.650663621942,Normal Load
9470.6155228644,9.857051642335087,14146.336184029036,Peak Load
1682.1314018395863,0.7915265475897981,2536.958853360705,Light Load
2322.1024915194143,2.121973757220233,3320.3570038247462,Light Load
2213.5910851256554,2.1213658637045887,3350.660790536153,Light Load
9120.456150863543,9.681051196624342,13652.489852214037,Peak Load
5886.747662053232,5.353928993540113,8676.685625348484,Normal Load
8495.297382880304,8.920238059925719,12624.599972495887,Peak Load
6144.540905207011,7.153089481305479,9196.553582458795,Normal Load
6116.739427963245,6.0447436573741555,9098.949999581491,Normal Load
1931.368123385266,1.986855239310056,2915.9436858518034,Light Load
2221.576707391168,1.996616786604564,3363.477296316279,Light Load
1906.3647125932748,1.087833599104893,2863.477851823301,Light Load
2156.5945795330995,1.9793809726164502,3280.7333121581205,Light Load
2187.7961183199245,1.880913700010483,3378.4221377713025,Light Load
5644.712223090413,6.518399932866949,8551.785570751019,Normal Load
1975.1992402330854,2.2685099047341044,2869.7206872207885,Light Load
6120.983410023426,5.159030914217268,9160.312900588619,Normal Load
2090.9226939321543,2.546367312084159,3159.0935896313763,Light Load
1623.1337156471802,1.6838151415186096,2544.1682661141117,Light Load
6157.036294650708,6.844331006564197,9384.829445294308,Normal Load
9082.643721974355,8.856253015496826,13535.741090890588,Peak Load
5859.377130613654,5.391932893842879,8805.199233833324,Normal Load
1978.9185106369025,2.1528730180331213,2778.543683389339,Light Load
1947.1675499774478,2.5289977684123586,2761.502134095644,Light Load
9192.439083176565,9.118615661863464,13848.197413020534,Peak Load
8827.59233247467,8.587828182266845,13191.710778244646,Peak Load
5891.403797361804,5.609620745483285,8784.37681072928,Normal Load
1888.9208158112801,1.731530373392498,2848.010816703551,Light Load
2117.082974345611,2.039540592046365,2981.7171757754877,Light Load
8832.889934161307,9.212189961243766,13169.484080221691,Peak Load
1627.3575379519004,1.2635312696105752,2461.7010990130393,Light Load
5906.664654177533,5.850004978267165,8920.391266724724,Normal Load
8819.162191869651,8.107984042750353,13112.11254117776,Peak Load
8805.585506206819,8.636860374823568,13231.595420707426,Peak Load
1757.9444159703132,2.4956736492319487,2489.598372154825,Light Load
8646.742765483095,9.214962024266669,12990.952284095927,Peak Load
6037.248528687834,5.1740943360227405,9176.78879529624,Normal Load
